order_id,customer_id,product_id,order_total,order_date,shipping_address
1,28,P-3470,77.3,2024-12-29,"157 Alexandria Brooks Apt. 805, East Aaronhaven, AL 01111"
2,103,P-6614,210.49,2025-02-15,"23972 Theresa Court Apt. 959, South Jasmine, FM 23765"
3,292,P-8496,80.17,2025-06-27,"90814 Rodriguez Springs Apt. 982, South Jamesberg, RI 44724"
4,442,P-3954,391.67,2026-05-08,"USCGC Bowers, FPO AE 88149"
5,250,P-6449,319.2,2025-08-01,"37360 Brown Neck Apt. 815, Shermanborough, LA 42485"
6,91,P-6134,320.89,2024-09-29,"666 Miller Burg Suite 158, Lynchport, NM 38144"
7,3,P-8406,144.02,2026-01-06,"14998 Danielle Streets, New Anthonyport, MS 25173"
8,390,P-3762,292.37,2025-03-06,"882 Maldonado Cape Apt. 172, Lake Luke, VT 27188"
9,82,P-9021,394.74,2025-06-19,"63140 Donna Village, Traceyfurt, GU 30434"
10,400,P-2442,73.4,2025-03-20,"29394 Becker Station, Jamieview, MT 90977"
11,223,P-8035,207.65,2024-06-29,"3749 Courtney Locks Apt. 723, Lake Dannyburgh, MH 64534"
12,495,P-8821,197.82,2024-08-09,"464 Mitchell Port, Danielville, MO 26994"
13,20,P-9745,107.7,2026-05-17,"28077 Daniel Camp Suite 211, South Christina, NV 97277"
14,192,P-1230,447.07,2024-10-04,"833 Williams Bridge, West Michele, KS 23507"
15,388,P-9700,103.37,2025-03-04,"6248 Jeffrey Road, West Diane, NV 03818"
16,347,P-1067,317.07,2026-03-20,"848 Douglas Island, North Gailchester, NC 70529"
17,128,P-4707,349.82,2024-07-04,"0213 Patrick Port Apt. 691, Port Courtney, OK 72011"
18,177,P-6113,73.17,2024-08-15,"649 Cole Summit Apt. 794, Tinamouth, NJ 20573"
19,197,P-9246,298.44,2025-05-20,"42642 Singh Meadows, Douglasmouth, MT 93652"
20,86,P-2069,413.67,2026-03-27,"53666 Quinn Mills Suite 755, Elizabethberg, VA 69960"
21,153,P-5764,233.39,2024-11-19,"395 Kelley Track, Brooksport, IL 51989"
22,267,P-9587,175.53,2024-10-03,"9603 Matthew Estate Suite 862, Johnsonborough, MS 74870"
23,455,P-3192,177.93,2025-10-22,"693 Robert Mountain, Port Joanna, WV 64291"
24,462,P-9031,186.02,2025-02-08,"USS Lowe, FPO AE 11740"
25,97,P-3701,474.55,2024-07-07,"PSC 0515, Box 5323, APO AA 09154"
26,471,P-7609,19.36,2025-03-14,"PSC 9775, Box 2441, APO AP 21447"
27,115,P-3149,113.47,2026-04-11,"89628 Graves Harbors Apt. 127, Port Benjaminfurt, NJ 50225"
28,12,P-9267,92.79,2025-06-05,"9927 Tara Skyway Suite 515, East Dennisport, TX 52093"
29,188,P-1612,193.83,2026-04-23,"541 Morrison Union, Smithshire, MT 22660"
30,328,P-5190,387.9,2025-03-15,"075 Brett Garden Suite 476, Billymouth, TN 11018"
31,320,P-1796,301.01,2025-02-20,"904 Gonzalez Mountains, Priceview, UT 49671"
32,25,P-2771,330.24,2025-02-22,"5254 Tracy Grove Apt. 715, North Lisaville, IA 10254"
33,11,P-1790,347.97,2024-10-29,"10059 Eric Road, Welchmouth, WY 87655"
34,214,P-8279,196.31,2024-09-07,"12110 Moody Fort, North Jennifer, MS 42497"
35,281,P-5140,242.44,2025-09-22,"792 Roberts Springs, South Jacksontown, CO 23550"
36,79,P-4366,350.63,2026-06-04,"113 Melinda Throughway, East Ralph, MP 78136"
37,323,P-1152,157.54,2025-01-24,"64538 Diana Springs Suite 421, North Troyton, RI 99545"
38,339,P-2654,334.61,2026-02-09,"15959 Ashley Stream Suite 757, Victorfort, MD 72055"
39,139,P-3247,215.21,2026-06-22,"56775 Ford Mountain, Hernandezfurt, MT 03709"
40,461,P-2718,260.67,2026-03-22,"265 Ryan Viaduct Apt. 292, North Allen, NJ 20148"
41,317,P-2928,148.52,2025-01-06,"2484 James Rest Suite 662, Costaton, MI 14396"
42,402,P-2741,253.88,2024-08-09,"423 Lara Mall Suite 042, Crystalchester, RI 16471"
43,312,P-4272,391.19,2025-09-02,"525 Brown Mission Suite 633, Haleymouth, SC 62915"
44,426,P-9571,486.82,2026-01-18,"325 Jean Ridge Apt. 379, Zamoramouth, NY 13029"
45,184,P-7713,154.71,2025-03-29,"87794 Shannon Tunnel Apt. 425, South Johntown, MD 47184"
46,21,P-9980,253.2,2026-02-14,"5759 Madison Rue, New Cassie, LA 96631"
47,107,P-8875,171.99,2024-08-05,"66044 Douglas Burg Apt. 615, Parsonsberg, NV 82537"
48,2,P-1208,339.09,2025-03-28,"1474 Jasmine Motorway Suite 292, Stephanieville, AR 43300"
49,465,P-2809,419.25,2025-07-30,"680 Lucas Locks Apt. 590, Marioshire, AZ 67571"
50,343,P-9095,83.07,2024-08-01,"1122 Alexandra Station, North Karen, MI 44824"
51,47,P-9383,46.76,2024-08-20,"6808 May Locks, New Mackenzie, GU 27666"
52,371,P-2659,453.33,2025-05-15,"30800 Timothy Canyon Apt. 322, Marcusfurt, AK 67380"
53,330,P-4787,233.8,2026-01-02,"103 Jason Prairie Suite 051, Williamburgh, MO 28390"
54,152,P-5327,237.49,2024-10-11,"8586 Mary Throughway Suite 535, Philipport, NV 04278"
55,52,P-3862,438.32,2025-05-13,"Unit 8632 Box 1061, DPO AP 27447"
56,437,P-5760,186.5,2024-11-15,"394 Ford Rue Apt. 943, West Alexanderburgh, VI 44270"
57,347,P-6123,218.73,2024-11-19,"USCGC Cortez, FPO AA 51717"
58,60,P-2556,427.1,2025-09-04,"8943 Christina Alley Apt. 900, Sarahport, NV 50494"
59,456,P-1751,14.73,2025-12-06,"USS Brown, FPO AE 85143"
60,71,P-3793,171.03,2024-11-08,"46040 Kevin Greens Suite 310, Thompsonville, CO 95503"
61,458,P-8171,477.98,2024-12-10,"0971 Jason Locks Suite 007, Rivaschester, HI 02240"
62,138,P-2522,192.57,2025-08-17,"4734 Emily Well, East Hannah, AS 00756"
63,176,P-3996,65.77,2026-06-19,"730 Cox Rapid Suite 778, West Donna, MN 95685"
64,205,P-8479,143.19,2025-07-29,"2965 Lucero Trafficway Suite 278, Wardchester, CO 79426"
65,198,P-8835,401.94,2024-12-24,"778 Pamela Junctions Apt. 958, Port Lauren, DC 27477"
66,333,P-3732,65.39,2026-02-14,"88081 Jonathan Plaza Apt. 357, West Jessicastad, OH 52269"
67,357,P-1960,490.96,2025-07-09,"561 Danielle Motorway, Port Heather, WV 25185"
68,433,P-3611,60.81,2025-11-27,"PSC 8172, Box 1436, APO AA 27927"
69,467,P-8908,403.1,2025-07-23,"00413 Maria Springs, North Jonville, NE 47361"
70,348,P-8178,98.81,2025-10-18,"6534 Harvey Neck Apt. 707, Michaelview, UT 62576"
71,195,P-6875,309.56,2026-03-13,"9957 Norman Oval, South Johnnyland, CO 32664"
72,442,P-3140,246.7,2025-12-03,"6539 Johnson Inlet, Robinsonchester, CT 01850"
73,250,P-2850,444.91,2025-11-03,"718 Steven Square, Solisside, SD 95440"
74,226,P-1753,41.02,2024-07-27,"74204 Simmons Spur Apt. 137, Wrightfurt, WI 98088"
75,336,P-6148,16.05,2026-02-01,"PSC 6042, Box 3597, APO AE 94063"
76,445,P-9598,386.08,2025-05-13,"22299 Samuel Lakes, Smithhaven, MH 91440"
77,296,P-4669,489.16,2025-03-18,"0468 Jones Corners Suite 576, East David, GA 11822"
78,343,P-6542,264.35,2025-08-12,"858 Woods Turnpike Apt. 961, East Jamesport, DC 98364"
79,353,P-2560,222.09,2025-11-16,"018 Richards Branch, Nicoleberg, MD 32440"
80,373,P-5072,246.14,2026-03-13,"777 Cory Loaf, East Elizabethhaven, FL 09413"
81,340,P-7305,82.83,2025-06-06,"Unit 1923 Box 6534, DPO AA 08322"
82,424,P-1894,15.7,2025-12-23,"0356 Obrien Way Apt. 279, Lucasburgh, IA 79010"
83,479,P-3571,257.72,2025-07-08,"9061 Janet Trail, Port Darlene, MN 36858"
84,241,P-9123,436.0,2025-04-05,"8954 Dixon Lights Apt. 751, Hesterside, NC 81289"
85,39,P-9055,167.1,2025-09-26,"4983 Mcintosh Islands Apt. 935, Jamesmouth, NC 89118"
86,170,P-5557,34.66,2025-04-18,"392 Lee Spur Suite 885, Port Steven, NC 23230"
87,115,P-7203,207.6,2024-09-15,"339 White Rue Suite 536, Loveshire, NH 70940"
88,121,P-2291,234.95,2025-02-26,"1686 Carl Valleys, Sarahmouth, OH 76992"
89,411,P-8341,53.12,2026-02-12,"40679 Thomas Loaf Suite 122, West Kathleenton, AZ 09712"
90,256,P-8324,164.86,2025-01-10,"16309 Alejandro Junction Suite 463, East Christine, OK 99031"
91,255,P-1291,60.29,2025-01-02,"08953 Linda Views, Harristown, GA 12451"
92,212,P-1587,282.98,2025-08-13,"1136 John Ridge Apt. 234, North Johnport, NE 76475"
93,1,P-2489,397.96,2026-03-13,"31167 Hernandez Lights Suite 084, Lake Travis, WY 69174"
94,494,P-5990,446.14,2025-02-27,"9352 Carolyn Square Suite 263, West Michael, KY 33107"
95,288,P-4389,330.74,2025-11-26,"PSC 6970, Box 9317, APO AP 03368"
96,234,P-6584,188.03,2025-04-02,"76761 Scott Forks Suite 547, East Jeffrey, OR 85043"
97,28,P-4652,423.71,2025-07-05,"65031 Christopher Square, West Christianview, NV 20034"
98,170,P-8751,361.15,2025-01-22,"36428 Jesse Course Apt. 924, Mcmahonburgh, IA 02753"
99,187,P-8414,65.86,2026-02-02,"14281 Tran Land, East Amanda, HI 32698"
100,389,P-4633,11.07,2026-01-18,"8088 Phillip Expressway, South Ericberg, IA 80319"
101,182,P-5783,278.36,2026-02-21,"3721 Fernando Rest Apt. 162, West Stevenfort, TX 99363"
102,192,P-2741,32.42,2025-04-06,"785 Walton Pine Suite 287, Port Benjamin, CA 79117"
103,85,P-9067,78.81,2026-06-19,"666 Brooks Island, Gonzaleztown, IL 57587"
104,368,P-7704,62.4,2026-01-09,"246 Douglas Forks Suite 476, Marquezstad, FM 27330"
105,313,P-4209,101.89,2025-05-26,"21450 Marshall Lights, Millerport, MI 67683"
106,477,P-7437,115.63,2025-07-30,"55348 Alex Courts Apt. 840, New Jefferyhaven, MN 03665"
107,423,P-4122,361.22,2025-05-15,"9545 Laurie Prairie Apt. 776, Lake Kimberlyshire, NY 09320"
108,56,P-7790,32.78,2026-06-22,"7422 Christopher Lights Suite 630, West Alexanderberg, ID 55338"
109,325,P-3018,388.34,2025-08-12,"8943 Vickie Estates, West Jessicaland, IN 61882"
110,231,P-8493,332.63,2026-04-21,"17595 Sosa Green Suite 582, Lindabury, IN 03414"
111,490,P-9260,75.96,2025-05-05,"6094 Rodriguez Drive Apt. 337, North Heidi, NY 48079"
112,256,P-1071,269.87,2025-04-19,"1329 Fry Shore Apt. 506, Briggsberg, MT 62520"
113,25,P-8091,421.01,2026-06-07,"43776 Richard Vista Apt. 439, West Erik, MD 78285"
114,248,P-9328,392.72,2025-03-24,"02867 Sarah Underpass, North Aaron, HI 04785"
115,467,P-3903,348.98,2024-09-27,"Unit 5591 Box 0245, DPO AE 05605"
116,89,P-3103,60.73,2026-06-20,"032 Holloway Overpass, West Brittneyhaven, CA 80813"
117,337,P-6273,257.0,2025-01-15,"81793 Johnson Walk Suite 277, Stephanieport, LA 86155"
118,197,P-7859,489.95,2025-11-19,"5337 Jacqueline Camp, North Brianaville, FL 14614"
119,469,P-5067,144.05,2026-06-21,"5593 Graham Crossing, Sharonborough, MH 62527"
120,494,P-6617,485.53,2025-10-14,"51004 Lopez Parks Suite 657, Port Mark, VT 55859"
121,232,P-3185,77.7,2025-10-16,"USNS Smith, FPO AE 33347"
122,309,P-9393,156.46,2025-04-21,"02389 Krueger Flats Apt. 600, Jenniferstad, MA 00859"
123,360,P-9975,431.74,2024-09-06,"25848 Preston Ramp, South Kayla, VA 05668"
124,365,P-4560,108.43,2025-05-20,"704 Smith Radial Apt. 767, West Mary, IN 59387"
125,320,P-5760,346.43,2025-01-01,"94640 Billy View, Allentown, NE 06761"
126,472,P-3173,490.84,2026-05-23,"860 Mack Shore Apt. 793, Kimberlybury, MS 74000"
127,333,P-3913,256.9,2025-12-04,"61537 Cory Summit, Garyport, TN 34198"
128,356,P-6281,358.06,2025-04-21,"PSC 3251, Box 4488, APO AP 09491"
129,390,P-6771,285.51,2024-08-16,"31421 Morgan Parkway, Dixonfort, TN 81027"
130,299,P-7839,340.37,2025-01-11,"2638 Swanson River, North Francismouth, GA 68931"
131,458,P-9747,150.09,2026-02-07,"505 Sparks Meadows Apt. 863, East Christine, NJ 77355"
132,434,P-7920,406.06,2025-12-20,"787 Morris Land, North Benjamin, ID 00988"
133,268,P-2744,22.37,2025-08-13,"560 Atkins Corner Apt. 198, New Derekfort, OH 72800"
134,75,P-1869,338.41,2025-12-04,"534 Carter Walks, North Sheilaberg, UT 34354"
135,103,P-5374,377.58,2026-02-08,"Unit 4561 Box 8517, DPO AA 97314"
136,83,P-5695,344.85,2025-01-27,"2128 Michael Court Suite 551, New Jason, AS 10834"
137,75,P-2016,348.38,2024-12-08,"898 Escobar Shoals, Craigfurt, WV 05840"
138,152,P-4342,379.25,2025-02-04,"540 Casey Radial, North Patriciaton, NJ 47834"
139,17,P-6876,408.86,2025-04-14,"831 Jackson Run, Lake Lisafort, IL 96019"
140,53,P-4675,373.77,2025-11-21,"0849 Travis Freeway, South Jasonfurt, ID 69678"
141,288,P-7371,126.41,2025-01-21,"443 Jasmine Glens Suite 016, Lake Johnny, DC 76079"
142,402,P-5712,349.53,2024-11-03,"320 Whitney Summit, Lake Charlesfurt, DC 29092"
143,25,P-7251,199.89,2025-01-10,"310 Rodriguez Ford, Thomasville, VI 48834"
144,490,P-6122,483.25,2025-02-14,"3236 Lopez Shores Apt. 774, Williamstown, NE 61263"
145,28,P-1212,374.39,2024-10-15,"784 Robert Heights, West Joshua, NE 02305"
146,104,P-8259,416.68,2025-06-02,"754 Shannon Spurs, Maryfurt, KY 21532"
147,467,P-7025,379.99,2025-06-08,"37638 Daniel Stravenue, Alexaville, KY 86784"
148,280,P-4218,390.3,2025-07-04,"19134 Pacheco Throughway Apt. 780, North Mark, UT 73098"
149,494,P-4170,154.14,2025-04-24,"21464 Willis Road Suite 999, Codyfort, RI 26226"
150,91,P-2220,101.61,2026-04-03,"7385 Perez Points Apt. 119, East Robert, AZ 27365"
151,89,P-9418,68.47,2025-05-29,"87233 Nathan Camp, Alexandershire, MT 16266"
152,21,P-8020,146.76,2026-06-16,"15391 Linda Turnpike Apt. 074, Lake Katherine, VA 01334"
153,136,P-3131,88.85,2026-04-30,"5118 Sandy Harbors, South Heatherstad, WV 59792"
154,434,P-5178,12.76,2025-08-02,"904 George Estate, Lake Brandon, HI 26172"
155,239,P-3536,29.56,2026-02-16,"0739 Anthony Stream Apt. 546, Lake Bryan, MH 21350"
156,476,P-6285,302.46,2025-06-03,"82611 Jason Drives Suite 163, West Jennifer, VT 73245"
157,397,P-5934,250.36,2026-03-30,"2989 Stephanie Manors Apt. 974, Jorgeborough, VA 03126"
158,294,P-6866,45.7,2024-11-12,"91203 Ann Locks Apt. 082, Port David, PW 07153"
159,363,P-6207,267.43,2025-06-28,"88158 Jordan Isle, Port Gregory, NE 64792"
160,490,P-4012,265.09,2026-03-05,"182 Jones Stravenue, Lake Kathleenmouth, GA 89805"
161,403,P-9276,88.08,2025-01-09,"00001 Martin Summit, North Haileyfort, AS 13380"
162,279,P-9798,207.66,2025-05-08,"PSC 5090, Box 2556, APO AP 15594"
163,179,P-4624,442.85,2026-01-23,"4218 Caroline Ports Suite 478, East Gregoryport, NY 81982"
164,340,P-6437,172.21,2026-01-19,"86700 Aaron Green Apt. 655, West Jenniferview, NC 20156"
165,151,P-4579,475.64,2025-04-14,"2483 Wood Causeway, Kyleburgh, WY 76106"
166,317,P-9691,242.67,2025-03-23,"706 John Rapids, Montgomerytown, WI 82342"
167,288,P-1144,66.2,2026-01-12,"USNS Martinez, FPO AE 35603"
168,178,P-8301,127.76,2026-01-29,"PSC 6481, Box 8804, APO AP 96614"
169,329,P-4994,479.85,2024-12-28,"773 Nicholas Track, New Deborah, MO 35602"
170,350,P-6258,196.86,2024-12-16,"694 Aimee Rue, Rickeyburgh, AK 32314"
171,408,P-2857,199.07,2026-03-26,"8631 Yu Glen, South Morganfurt, LA 83290"
172,277,P-5633,22.1,2025-04-03,"0263 Morgan Springs Apt. 430, South Nicholaschester, WY 37173"
173,265,P-7143,262.0,2026-03-14,"15388 Maria Harbor, Jessicaberg, NH 80467"
174,261,P-8300,248.52,2026-02-20,"40433 Jason Track Suite 384, Nicoleville, MO 95980"
175,152,P-4154,166.94,2024-12-01,"19787 Amy Rest, East Brittney, SC 89470"
176,43,P-2572,92.01,2024-11-13,"530 Bond Stream Apt. 198, Changmouth, MS 12993"
177,490,P-9814,271.26,2025-05-25,"800 Jason Burg Apt. 915, Rodriguezberg, MP 78776"
178,321,P-2072,113.27,2025-07-09,"7744 Susan Mall Apt. 936, Chelseastad, DC 08095"
179,323,P-4492,433.82,2024-08-16,"941 Perez Locks, Coopertown, OR 18758"
180,218,P-2702,110.72,2025-12-27,"239 Charles Mission, Matthewchester, CA 12589"
181,425,P-8130,326.8,2024-12-25,"88605 Kimberly Junction Apt. 766, Burchton, NC 91423"
182,482,P-2181,375.97,2024-08-31,"03083 Myers Rest Apt. 062, Jonesborough, CT 23505"
183,79,P-1389,235.01,2026-01-04,"0688 Ryan Coves Suite 768, New Jason, NC 35075"
184,170,P-1620,52.88,2025-01-20,"USS Allen, FPO AP 01150"
185,28,P-3916,399.16,2026-01-23,"Unit 3543 Box 7882, DPO AA 06546"
186,286,P-2154,291.72,2024-11-23,"15709 William Port, Port Keithshire, HI 02568"
187,117,P-5237,209.73,2025-11-26,"269 Wang Ports Suite 489, Davishaven, LA 19530"
188,231,P-7626,222.17,2025-07-18,"932 Cunningham Hill Apt. 849, East Pamela, CT 24743"
189,9,P-7381,339.91,2026-02-25,"2669 Ricky Squares, New Thomasfurt, SC 15930"
190,274,P-1096,324.29,2025-05-22,"723 Hoffman Stream, New Catherine, MD 88338"
191,317,P-2036,380.41,2025-10-19,"PSC 3828, Box 0405, APO AA 87478"
192,300,P-1745,353.42,2024-09-16,"0826 Stephens Drive Suite 418, Berrystad, MT 83122"
193,38,P-6860,464.73,2024-08-14,"761 Katie Valley, Ashleyville, KS 25672"
194,55,P-5748,395.57,2026-01-11,"94840 Marissa Expressway, Goodwintown, AL 88019"
195,155,P-2417,147.93,2026-03-06,"1016 Charles Skyway Apt. 950, North Nicholaston, RI 85473"
196,475,P-8170,196.88,2025-01-12,"507 Ayala Wall, Port Brandi, NV 84658"
197,421,P-1504,242.24,2025-04-18,"44077 George Lock Apt. 072, Hineschester, TN 17544"
198,274,P-4602,76.82,2025-08-31,"776 Tina Port, Port Kimberlytown, MO 69180"
199,201,P-9941,154.53,2025-10-28,"37312 Howard Extension, West Ruth, MO 14750"
200,325,P-3360,156.04,2025-05-29,"PSC 7032, Box 1192, APO AE 50286"
201,455,P-7113,479.11,2024-09-12,"527 Payne Key, Martinezborough, NV 10244"
202,6,P-3316,70.38,2026-04-04,"9029 Williams Way Suite 480, South Joshuaton, IA 59711"
203,3,P-7456,273.19,2024-11-18,"7812 Figueroa Parks, East Charles, MP 21666"
204,485,P-2394,159.29,2025-10-02,"34862 Navarro Overpass, Hallchester, VI 30861"
205,384,P-6633,113.74,2026-03-23,"285 Johnson Forks, Moyertown, NM 92620"
206,464,P-9397,79.79,2025-08-26,"1770 Valencia Parks Apt. 682, West Kathyfurt, ND 19326"
207,95,P-4617,312.26,2024-08-22,"55216 Smith Isle, Gilesview, MO 75137"
208,130,P-4183,66.16,2024-10-09,"92596 Fischer Canyon, Joeside, LA 72161"
209,344,P-1891,427.17,2026-03-18,"USNS Mcclain, FPO AE 43870"
210,478,P-9992,236.01,2026-01-26,"USNS Bates, FPO AP 57274"
211,282,P-2198,152.41,2026-06-04,"424 Mathis Ridge Apt. 145, Garretthaven, NH 98958"
212,35,P-5107,58.11,2026-04-20,"52386 Myers Flat Apt. 097, Omarland, RI 08821"
213,372,P-8982,476.24,2025-11-29,"9876 Melody Ports Suite 872, West Zachary, ID 65238"
214,183,P-3100,338.92,2026-06-18,"806 Faith Turnpike Apt. 504, Lake Patriciastad, WV 51639"
215,121,P-2639,149.71,2025-03-27,"001 Joshua Plains Apt. 554, Ianhaven, MO 60884"
216,36,P-4170,165.71,2025-08-29,"423 Frances Streets Suite 633, West Richardview, CO 90215"
217,231,P-6379,312.0,2025-11-01,"725 Jackson Ports Apt. 693, West Alyssa, WY 90473"
218,157,P-3496,287.11,2025-03-19,"655 Stephanie Overpass, Stephanieside, MD 02549"
219,187,P-6182,479.73,2025-09-10,"3034 Natalie Passage Apt. 179, Martinborough, NC 92865"
220,87,P-1079,163.47,2025-02-20,"53641 Carter Coves, Mariaborough, CT 28890"
221,403,P-4629,358.97,2025-12-06,"7813 West Island, North Susanview, PR 20120"
222,329,P-8145,145.56,2025-11-13,"1052 Reyes Pines, Lake Brittanyfort, OH 08383"
223,185,P-3200,342.98,2025-09-07,"45238 Morales Dam Suite 866, West Michelleshire, NY 54963"
224,170,P-8863,236.79,2026-01-22,"4227 Dixon Streets Suite 859, Oconnellmouth, WY 93912"
225,184,P-6004,248.61,2026-02-27,"9116 Johnson Vista, North Bradport, MN 84277"
226,56,P-3879,326.31,2024-12-06,"32155 Jared Islands, Timothyhaven, IL 83524"
227,42,P-5597,430.76,2025-09-27,"144 Rosales Pine, Cruzfort, FL 65982"
228,72,P-9824,106.24,2026-05-27,"7746 Julie Curve, Meghanburgh, PW 48844"
229,376,P-2252,366.43,2025-01-18,"USS Fox, FPO AE 93243"
230,457,P-1305,426.29,2025-07-24,"12392 Courtney Road, North Nicholastown, FM 12277"
231,324,P-1511,408.18,2025-07-06,"38750 Katie Lodge Apt. 722, Timothymouth, KS 98389"
232,297,P-7637,386.9,2026-06-03,"2629 Mark River Apt. 876, Lake Curtis, AR 72508"
233,109,P-1600,280.27,2026-03-19,"721 Mcdaniel Flat, Cobbborough, OK 86405"
234,279,P-9842,241.32,2025-08-21,"2229 Joyce Extension, Lake Ronaldmouth, TN 77201"
235,397,P-3435,189.24,2024-08-16,"25539 Luke Inlet, Robertfort, VA 84990"
236,115,P-5767,75.59,2025-05-26,"26430 Green Glen Suite 912, Munozshire, NV 00853"
237,257,P-9362,54.36,2024-11-05,"05397 Higgins Forest, Zimmermanmouth, DC 76467"
238,187,P-9227,15.18,2026-05-18,"USNS Anderson, FPO AE 89003"
239,123,P-3717,381.02,2025-12-24,"0832 Nicole Greens Suite 978, Baileyborough, UT 97491"
240,72,P-8310,88.01,2025-12-01,"38600 Andre Hollow Apt. 619, Danielland, MI 21866"
241,290,P-3395,370.59,2026-05-20,"29295 Christopher Flat, Ramirezhaven, ID 07931"
242,248,P-6878,29.8,2025-09-12,"671 Gloria Parks, New Tammyberg, MO 06847"
243,390,P-8989,123.55,2025-09-27,"21767 Brian Rest, North Danielfurt, CT 17475"
244,136,P-7052,124.66,2026-04-20,"2587 James Road, North Kelly, ID 57051"
245,343,P-4387,263.75,2025-03-26,"274 Edward Tunnel, Gregoryland, LA 03477"
246,406,P-6918,200.16,2026-01-20,"0952 Caitlyn Lane, North Mary, OR 25883"
247,470,P-8448,441.95,2025-11-16,"610 Jennifer Port Suite 297, Port Coltonmouth, DE 19097"
248,21,P-6309,60.57,2025-01-09,"585 Parker Curve Apt. 041, North Donald, NJ 07554"
249,496,P-9542,320.44,2025-04-26,"3874 Gabriel River, South Jenniferland, NE 56363"
250,141,P-5314,293.52,2026-03-14,"24815 Green Way, Port Natalie, SC 84654"
251,292,P-3848,194.55,2024-06-27,"30109 Velez Lodge Suite 975, Orozcoport, RI 09005"
252,194,P-6985,297.95,2025-03-20,"4623 Mendoza Coves Apt. 476, North Bradleyton, WI 16034"
253,460,P-2275,263.15,2026-01-25,"06831 Ross Track, South Evanhaven, AZ 71853"
254,193,P-4651,263.01,2024-07-01,"1290 Terri Squares Apt. 713, South Shawnbury, AR 61049"
255,181,P-6653,248.55,2025-11-24,"5847 Gonzalez Locks, North Jane, AK 02785"
256,247,P-1108,255.89,2025-08-09,"6694 Johnson Crest Apt. 533, Mooremouth, KS 57841"
257,72,P-8207,91.14,2026-04-03,"59183 Holly Mountains, North Brianview, MO 54870"
258,40,P-9430,325.29,2025-04-29,"901 Brent Radial Suite 714, North Kaitlynview, OR 31427"
259,109,P-3461,101.57,2025-07-24,"USS Hoover, FPO AP 99760"
260,186,P-2938,333.93,2025-11-15,"053 Levi Extensions Apt. 499, Port Brittanyfort, PW 52274"
261,213,P-6410,362.92,2026-01-15,"313 Garza Spur Apt. 669, Curtisfurt, CT 19957"
262,247,P-8844,244.71,2024-11-27,"7943 Mariah Track, Samuelborough, WA 90794"
263,303,P-3641,327.15,2026-05-29,"919 Roman Cliff Suite 262, East Tannerhaven, NH 71352"
264,211,P-1367,129.39,2026-03-01,"20418 Joe Spur Suite 211, Estesside, NY 82546"
265,66,P-3639,76.0,2025-08-25,"86448 Eugene Crest, Arroyostad, NC 67759"
266,263,P-1642,446.48,2025-12-13,"570 Bryan Burg Suite 806, Floresland, MP 24071"
267,76,P-1916,91.5,2026-02-27,"9611 William Parks, Laceychester, OH 66651"
268,473,P-3949,263.14,2024-10-09,"704 Brianna Forks Apt. 419, Rodriguezchester, AZ 65297"
269,208,P-1305,440.46,2026-04-10,"4883 Sharp Knoll, Port Sarahshire, AS 86829"
270,373,P-5644,474.14,2025-10-24,"096 Conley Lane Suite 834, Johnsonmouth, NY 41447"
271,111,P-8359,307.19,2024-10-10,"516 Ernest Knolls, Port Crystal, KY 71623"
272,242,P-8891,93.57,2025-07-26,"8688 Christina Mews, West Randall, FL 99184"
273,426,P-7730,304.4,2025-07-12,"0911 Jones Village, New Paulabury, MI 87163"
274,407,P-3979,315.36,2025-12-26,"61337 Kline Junctions, East Bradley, KS 42603"
275,262,P-5333,92.17,2025-08-02,"025 Christensen Park Apt. 419, South Louiston, VI 25830"
276,352,P-6614,461.94,2025-11-13,"1771 Isabel Ranch Apt. 880, Murrayside, FL 13201"
277,306,P-2127,122.6,2025-01-06,"135 Samantha Road Suite 486, Lake Theresa, MO 91789"
278,198,P-3166,63.19,2025-09-17,"415 Chapman Island Apt. 119, Lake Carol, HI 08180"
279,104,P-9564,431.19,2026-03-01,"60511 Miller Springs Apt. 398, Clarkmouth, IA 54344"
280,259,P-7877,414.98,2026-06-05,"945 Greene Light, Smithtown, PA 86492"
281,311,P-2577,96.93,2025-10-11,"8942 Kelly Lane, Flemingview, WY 97567"
282,462,P-1639,440.09,2026-03-13,"6056 Martin Viaduct Suite 565, Avilamouth, ND 04326"
283,273,P-9246,378.66,2025-08-13,"3389 Ronald Gardens Suite 466, Port Cynthia, WI 55385"
284,48,P-8901,333.09,2025-02-22,"5995 Sara Branch, Martinburgh, DE 23426"
285,462,P-9835,415.48,2024-10-11,"7746 Kathryn Ridge Apt. 601, East Juanville, CO 49326"
286,460,P-8069,265.79,2026-04-18,"860 Kathleen Plain Apt. 179, Olsonfort, OH 17258"
287,190,P-1711,351.83,2024-11-12,"0472 Sparks Walk Apt. 612, East Brianhaven, KS 30491"
288,220,P-4759,469.82,2025-12-11,"65968 Steven Keys Apt. 548, West David, TN 73572"
289,247,P-7246,181.74,2025-11-11,"5400 Scott Shoal Suite 475, Port James, FM 10554"
290,412,P-2600,218.48,2024-09-11,"USNS Michael, FPO AA 37917"
291,131,P-8817,385.26,2026-01-05,"917 Santana Locks Apt. 342, Jacksonborough, VI 73257"
292,466,P-2373,148.79,2025-07-20,"5080 Catherine Loaf, Port Bobby, MA 94185"
293,449,P-9908,210.23,2025-09-29,"8824 Mark Forks, Alexanderville, NY 09561"
294,97,P-1089,357.47,2025-11-26,"481 Reed Extensions Suite 445, Joseton, GU 70196"
295,405,P-1116,293.2,2024-11-22,"179 Shannon Tunnel Apt. 053, East Amandahaven, NY 87148"
296,61,P-9515,13.52,2024-12-25,"996 Nicole Track Apt. 457, Port Timothy, KY 59406"
297,336,P-4365,347.0,2025-11-01,"19864 Joseph Ford, New Shannon, NC 31363"
298,162,P-7698,187.5,2024-12-13,"87062 Tonya Path, Lake Belindaborough, GA 19598"
299,80,P-7980,329.26,2024-09-18,"32001 Murray Light, North Reneehaven, MP 83257"
300,130,P-5281,428.93,2025-09-01,"610 Lisa Field Suite 614, Lake Joeside, LA 42355"
301,217,P-6990,309.81,2025-10-10,"807 Fisher Terrace, East Leslie, MT 77663"
302,349,P-7511,379.93,2025-02-08,"03076 Adam Viaduct, Sherryshire, MS 57849"
303,212,P-8904,97.56,2026-02-21,"6664 Charles Rue, Hendricksport, VI 11844"
304,287,P-8925,134.34,2025-11-22,"0785 Raymond Viaduct, Kelseyfort, AZ 69024"
305,158,P-6641,389.35,2025-09-14,"6834 Nicholas Stream, Mooremouth, WY 02522"
306,204,P-3262,428.94,2025-07-12,"8791 Johnson Unions, Whitemouth, PR 10663"
307,338,P-2951,376.42,2025-08-12,"PSC 0932, Box 0126, APO AP 47491"
308,229,P-3650,59.13,2025-05-20,"USNS James, FPO AA 10811"
309,261,P-7562,395.17,2025-07-31,"17558 Mata Crest Suite 774, Lake Juliefort, LA 50976"
310,411,P-1852,88.75,2025-09-05,"824 Charlotte Ramp, Casechester, KY 23704"
311,494,P-1086,404.13,2024-10-18,"8917 Lisa Greens Suite 421, Erinstad, NM 06447"
312,422,P-3381,241.11,2025-02-10,"92257 Jennifer Brook, North Crystalbury, VT 45350"
313,308,P-8133,53.18,2025-04-17,"USCGC Jackson, FPO AE 36997"
314,135,P-4633,191.7,2026-03-03,"289 Clay Turnpike, Adamland, NM 68680"
315,312,P-1618,364.99,2025-10-11,"PSC 8224, Box 7312, APO AA 10002"
316,477,P-7564,310.83,2025-04-02,"USNV Smith, FPO AE 08223"
317,267,P-5693,358.68,2026-01-17,"USS Davis, FPO AP 49233"
318,306,P-1941,473.39,2026-06-04,"15261 Julia Forks Suite 092, North Antonio, CA 56886"
319,420,P-3871,323.73,2025-08-29,"4189 Hoffman Islands, Jeremyberg, AS 74882"
320,225,P-1175,108.83,2025-07-08,"5294 Frye Trafficway, South Maryland, RI 94997"
321,337,P-9489,150.13,2025-07-03,"48131 Jonathan Cape Apt. 589, Walkerburgh, CA 61878"
322,18,P-9364,262.74,2026-04-05,"4835 Robert Circle Suite 486, Lake Rubenborough, OR 72322"
323,119,P-3776,340.26,2024-11-29,"8838 Ponce Island Apt. 646, New Brandon, MA 07457"
324,185,P-4919,330.95,2025-05-13,"065 Harvey Knoll Apt. 562, New Ian, GU 01776"
325,500,P-3579,52.54,2025-08-30,"1074 Elizabeth Rapid Apt. 311, South Kimberlyfurt, CT 79278"
326,142,P-7544,183.02,2026-06-12,"7602 Cynthia Lodge Suite 354, Lake Gregorytown, MH 11339"
327,203,P-7642,297.17,2025-10-22,"500 Michelle Trace Apt. 151, Jasonburgh, PW 45986"
328,266,P-1251,371.08,2026-05-29,"9507 Williams Village Suite 173, South Brooke, AR 46882"
329,36,P-2477,279.29,2025-11-21,"031 Alec Lock Suite 934, East Hannahshire, DE 00894"
330,372,P-6703,180.25,2025-01-10,"60894 Charles Hills, East Veronicamouth, FM 81159"
331,418,P-5530,120.87,2025-09-15,"3595 Brandon Loaf Apt. 006, Hudsonshire, AL 84927"
332,494,P-4187,232.82,2024-07-06,"86774 Kimberly Garden, Masonberg, VT 29049"
333,207,P-1076,137.93,2025-10-19,"9530 Philip Mount Suite 255, East Ethanstad, MP 01949"
334,209,P-9294,62.16,2024-08-14,"4262 Rodriguez Plain Suite 290, Lake Stacey, UT 20089"
335,38,P-9243,154.17,2024-11-28,"10090 Combs Cape Suite 308, Dixonbury, AL 20354"
336,485,P-2917,403.43,2026-03-31,"7329 Juan Springs Suite 759, Morrisshire, VI 24889"
337,490,P-5222,439.29,2024-08-25,"2603 Robert Unions Apt. 027, Michaelburgh, CA 34033"
338,417,P-5098,350.14,2025-05-25,"920 Wilson Unions, Meaganbury, VT 99058"
339,495,P-7178,285.94,2025-07-29,"219 Carlos Pine Apt. 897, Lake Michaelville, NE 14449"
340,395,P-4985,381.15,2026-01-07,"558 Jessica Island, Vaughnfort, GA 92772"
341,493,P-8517,343.97,2025-11-08,"053 Nichols Valley, North Amy, MS 80278"
342,460,P-1448,246.16,2026-05-12,"84540 Wendy Dam Apt. 720, East Andreaport, ND 17207"
343,133,P-2106,197.5,2025-09-22,"20414 Freeman Harbors, Lake David, WA 69300"
344,404,P-4610,341.68,2025-12-20,"930 Jill Street Apt. 203, West Sharonberg, IN 17697"
345,118,P-6172,212.08,2024-09-25,"13530 Wesley Mall Suite 064, Gonzalezton, MI 94249"
346,181,P-9462,272.46,2026-01-22,"7569 Cheryl Fork Apt. 102, South Felicialand, NJ 39630"
347,359,P-5314,131.64,2025-03-25,"831 Joseph Ville, Carlfurt, MO 21761"
348,48,P-7536,340.1,2024-10-10,"67080 Sullivan Land, Skinnerfurt, NH 99216"
349,421,P-6603,47.24,2026-03-25,"621 Cox Circle, Biancaview, ME 86487"
350,477,P-3924,243.5,2024-07-18,"Unit 6349 Box 3396, DPO AA 01619"
351,182,P-4580,448.2,2025-01-28,"3226 Ryan Village, North Kennethberg, KS 28870"
352,138,P-3994,474.08,2026-01-17,"854 Craig Passage Apt. 879, Lake Cindychester, FL 84317"
353,350,P-4115,254.5,2024-12-14,"996 Walker Points, Lindaberg, VA 37428"
354,103,P-4847,370.35,2026-05-15,"Unit 2505 Box 8333, DPO AA 27017"
355,447,P-5348,111.31,2026-05-16,"15876 Nathaniel Stravenue, Mitchellmouth, WI 95890"
356,104,P-5091,419.79,2025-04-03,"5769 Griffith Roads Suite 353, Woodfort, PR 36002"
357,183,P-3555,391.67,2025-04-05,"USCGC Rivers, FPO AE 56980"
358,62,P-2285,341.14,2024-11-21,"54508 Ashley Villages, Williammouth, HI 52811"
359,340,P-9071,310.77,2025-08-31,"664 White Walk Apt. 074, East Micheal, VT 77637"
360,392,P-9871,479.41,2026-06-13,"40489 John Estate Suite 145, Jasonton, NV 74762"
361,435,P-8901,191.88,2025-04-19,"10081 Bentley View Suite 221, West Jessicamouth, CO 73505"
362,162,P-9066,450.07,2025-01-13,"426 Green Vista Suite 017, Lake Tammie, VI 85449"
363,452,P-5501,250.48,2026-05-05,"2377 Anderson Meadows Suite 563, South Adam, KY 08620"
364,392,P-9374,147.32,2025-10-07,"78105 Banks Shoals Apt. 002, Gatesburgh, VA 17281"
365,114,P-3101,36.52,2024-08-09,"316 Cassandra Forks Apt. 368, South Victoriaton, ID 16442"
366,410,P-7933,244.37,2024-11-13,"286 Rebecca Burg Apt. 973, Davidstad, RI 46670"
367,277,P-1533,256.2,2026-02-16,"22273 Patricia Rapids, North Justin, PR 62587"
368,202,P-3863,234.02,2025-11-09,"3236 Miller Keys, South Randyton, OH 60678"
369,62,P-9490,235.42,2024-07-25,"82360 Alexis Crossing Apt. 615, New Erica, SC 24472"
370,353,P-1137,15.78,2025-11-20,"USCGC Wade, FPO AP 57483"
371,108,P-7216,294.68,2026-04-27,"7357 Anderson Fords Apt. 222, Lake Danielport, KS 20681"
372,167,P-6924,310.25,2025-03-02,"Unit 9222 Box 5606, DPO AE 81494"
373,133,P-4066,278.79,2026-06-17,"063 Lin Gardens Apt. 180, Randyfort, KY 14203"
374,122,P-5413,240.95,2026-02-17,"84185 Alexander Shoals Apt. 362, Guerrerohaven, WY 38095"
375,314,P-6621,189.29,2025-10-20,"561 Cross Turnpike Suite 055, Ashleyburgh, SC 86967"
376,256,P-7945,113.15,2024-08-10,"19556 Smith Skyway Apt. 969, New Manuel, OH 65598"
377,359,P-7099,188.88,2025-03-10,"20426 Elizabeth Cliffs Suite 121, West Charles, ID 75418"
378,206,P-5581,230.85,2024-12-17,"8976 Ashley Pike Suite 312, Henryfort, IN 10974"
379,293,P-3148,489.83,2026-01-26,"Unit 2276 Box 0759, DPO AP 70593"
380,352,P-4744,408.94,2025-09-19,"3394 Darius Course Suite 543, New Emilyshire, SC 44393"
381,370,P-5422,403.99,2024-11-01,"19150 Tucker Lane, Victoriashire, SC 60282"
382,285,P-8081,429.58,2026-01-27,"002 Donaldson Mountain, Torresside, TN 57551"
383,101,P-3389,402.01,2025-06-19,"741 Velasquez Lights Suite 604, Antoniochester, IA 46769"
384,379,P-3450,241.75,2025-02-07,"96496 Sydney Mill, North Nicoleshire, SD 47437"
385,5,P-3893,216.54,2024-09-30,"3059 Ball Fall, Michaelburgh, NC 21616"
386,69,P-9470,271.64,2025-05-26,"3159 Hendricks River Suite 965, Robertchester, IA 39630"
387,162,P-8972,157.01,2026-06-02,"344 Latoya Inlet Apt. 699, Port Catherine, MP 92996"
388,288,P-1781,205.21,2026-05-13,"3946 Smith Trace Apt. 230, Vincentberg, PA 95259"
389,354,P-3676,39.41,2025-06-05,"USNV Garcia, FPO AE 14081"
390,417,P-5166,243.49,2026-05-30,"Unit 9720 Box 2170, DPO AA 43338"
391,323,P-2577,230.42,2025-01-28,"46557 Michele Crossroad Apt. 300, Joshuachester, PR 40397"
392,172,P-5256,186.86,2025-03-27,"002 Rodriguez Tunnel, East Jessicamouth, MA 52075"
393,287,P-5222,178.62,2026-03-15,"59570 Arellano Common Apt. 145, Jaimemouth, MO 51342"
394,211,P-2986,182.02,2024-11-30,"34236 Sarah Streets Apt. 033, Stephenburgh, KS 53791"
395,348,P-4259,292.65,2024-11-20,"79686 Antonio Turnpike Suite 294, Mullinston, FL 86198"
396,333,P-9821,95.51,2024-08-26,"4174 Victoria Hollow Apt. 502, New Laura, MP 48553"
397,400,P-5663,183.99,2026-05-15,"6527 Blair Terrace Apt. 332, New Laura, AL 18365"
398,345,P-9363,248.86,2024-07-03,"30303 Jon Mountain, Jonesville, TN 56570"
399,378,P-8322,445.91,2026-01-15,"6279 Potter Island, Lake Brian, KY 84617"
400,196,P-5694,237.23,2025-03-19,"98472 Anthony Groves, North David, LA 60591"
401,490,P-3373,435.44,2024-08-10,"Unit 9017 Box 2224, DPO AE 49430"
402,328,P-6527,216.68,2024-08-03,"8717 Morris Green Suite 199, West Brendan, MN 84363"
403,314,P-7631,425.95,2025-07-22,"72581 Eric Rapid Apt. 956, Changport, VT 33887"
404,37,P-2296,89.37,2026-04-21,"73379 Laura Courts, North Christopher, AR 16128"
405,117,P-6136,165.26,2025-07-15,"Unit 0358 Box 6901, DPO AA 06986"
406,150,P-5382,306.63,2026-03-14,"392 Garcia River, Heatherburgh, PA 42226"
407,203,P-5444,444.96,2025-12-11,"PSC 1712, Box 2276, APO AP 33862"
408,400,P-6950,376.46,2024-12-21,"05422 Nicholas Lane, Ginaview, OR 85179"
409,267,P-8377,212.84,2025-03-28,"USNS Singh, FPO AE 91249"
410,95,P-1378,71.26,2025-07-21,"4704 Romero Prairie Suite 047, Port Gabrielstad, RI 90038"
411,121,P-5122,470.8,2025-03-24,"95377 Hanson Falls Suite 632, Robertview, HI 59791"
412,359,P-2311,113.17,2026-04-26,"59206 Norma Keys, East Lisaberg, AK 86237"
413,204,P-2687,56.81,2025-03-18,"94115 Robinson Drive, Leslieshire, MO 30987"
414,480,P-8752,278.72,2025-05-06,"629 Beck Falls, South Nicholasmouth, TN 34476"
415,14,P-7504,266.74,2025-09-20,"33138 Bradley Ports Apt. 211, Port Edwin, MP 23162"
416,43,P-2702,138.59,2026-01-14,"158 Molly Plains Suite 876, Patriciaville, WV 76896"
417,80,P-2381,330.86,2024-09-10,"4420 Laura Fall, Ramoshaven, NJ 32554"
418,454,P-7387,161.58,2026-02-20,"646 Hampton Crest Suite 234, North Cheryl, VT 57663"
419,127,P-5655,227.14,2026-02-03,"04104 Cheryl Place, Port Teresa, LA 96542"
420,65,P-3150,268.09,2025-06-11,"79726 Johnston Pine, Lake Eugeneborough, DE 96885"
421,88,P-1468,27.22,2025-07-28,"6020 Adam Flat Apt. 853, Lopezville, AL 42675"
422,183,P-6328,433.47,2025-09-26,"3838 Savannah Plaza, South Megan, RI 22903"
423,240,P-9856,468.07,2025-10-17,"76862 Avila Gardens, East Megan, FM 27607"
424,281,P-8288,76.2,2026-03-28,"337 Mccullough Corner Suite 186, South Spencer, IA 57393"
425,486,P-9835,96.74,2025-07-30,"Unit 1013 Box 2823, DPO AE 94466"
426,306,P-8480,319.2,2025-09-10,"2791 Nguyen Track, South Stephaniefort, NM 51047"
427,326,P-8126,266.49,2024-08-30,"208 Melissa Via Suite 319, South Catherine, MT 15807"
428,328,P-9745,161.72,2025-05-24,"9698 Amber Hills, Donnaburgh, WA 89047"
429,178,P-8891,274.43,2024-07-04,"665 Ferguson Track, New Molly, OK 12848"
430,413,P-2467,226.5,2024-10-01,"899 Matthew Fork Suite 607, Oliviashire, VI 80170"
431,188,P-7753,137.3,2024-07-08,"96694 Kathy Ports Suite 708, New Kimberlymouth, ME 90416"
432,156,P-1172,10.04,2025-10-31,"994 Hill Pass Apt. 984, South Stevenport, MP 60575"
433,418,P-3233,178.49,2025-07-06,"9881 Carter Prairie, West Kellytown, WY 79790"
434,241,P-9767,14.07,2024-10-21,"52102 Taylor Mount Apt. 664, North Maryburgh, KY 70577"
435,473,P-9059,474.0,2026-02-21,"08898 Nancy Unions, West Timothyside, OH 31559"
436,245,P-5908,14.46,2025-09-17,"185 Joyce Freeway Apt. 275, North Aaronton, TX 45709"
437,221,P-5799,302.52,2025-11-30,"99530 Hughes Court Suite 937, Ryanshire, AR 66384"
438,408,P-1118,278.61,2025-12-30,"PSC 0187, Box 2600, APO AE 83210"
439,97,P-7745,442.25,2025-12-22,"34444 Carolyn Cape, Webbmouth, NE 73721"
440,224,P-7467,132.44,2026-04-12,"40622 Mario Key Suite 725, Tateburgh, PR 24198"
441,367,P-7385,415.92,2024-09-21,"47047 Castillo Loaf, Ambermouth, MN 78788"
442,113,P-5308,48.8,2024-12-01,"38350 Rivas Dam, Masonstad, IL 13821"
443,321,P-4924,263.13,2024-10-21,"36221 Sarah Tunnel, Youngberg, SC 61228"
444,410,P-5454,149.48,2025-06-18,"839 Peters Station Suite 852, New Elizabeth, GA 89796"
445,381,P-9715,406.31,2026-02-27,"61857 Mendez Mission Apt. 050, West Kyleland, KS 59252"
446,212,P-4080,428.2,2025-05-19,"3524 Russo Street, Danielmouth, DE 47215"
447,94,P-3238,151.89,2025-08-20,"44930 Hall Pass Apt. 331, South Christopher, WY 09498"
448,327,P-8460,312.68,2025-11-07,"0878 Lisa Point, West Laurafort, ND 62788"
449,140,P-9060,102.01,2024-11-12,"51521 Holt Lodge Suite 353, Burnetthaven, AR 13808"
450,10,P-3492,34.31,2025-07-01,"7344 Crawford Street Suite 762, Chapmanland, ME 29924"
451,274,P-1362,101.1,2024-11-22,"6450 Hannah Creek Apt. 898, Timothyshire, AK 70138"
452,53,P-5622,141.9,2026-04-15,"11896 Conway Extension Suite 648, Christinemouth, OR 49090"
453,367,P-8183,366.27,2025-05-08,"5958 Sonia Streets Apt. 902, North Scott, OR 61155"
454,120,P-2477,83.83,2025-12-08,"48839 Roach Mountain, West Karenhaven, ME 34932"
455,253,P-4558,177.53,2026-04-29,"67286 Christopher Stream Apt. 038, Karenside, DE 11237"
456,160,P-9165,498.99,2025-08-18,"145 Paige Brooks Apt. 177, West Leslieside, VI 56236"
457,238,P-1519,171.81,2026-04-28,"1588 Karen Mountain, Port Marymouth, ID 17086"
458,432,P-3393,37.45,2025-10-27,"93910 Susan Place, Port Ashley, NJ 40789"
459,398,P-7429,44.97,2024-09-28,"36090 Mckenzie Union Apt. 810, Markberg, ME 28311"
460,241,P-3975,104.16,2025-11-26,"8736 Taylor Mill, East Hannahhaven, VA 79089"
461,431,P-5097,410.44,2025-04-11,"90058 Cantrell Terrace Suite 154, Wadeland, SD 44319"
462,425,P-1206,69.75,2026-03-13,"792 Reed Wells, North Noahbury, MO 89478"
463,394,P-5078,198.54,2025-09-13,"7270 Amy Manor, Ortizmouth, PW 33186"
464,500,P-8257,131.1,2025-01-23,"4161 Patricia Road Suite 535, Robertview, AZ 49430"
465,18,P-4263,235.8,2026-05-27,"73042 Barnes Manors, Port William, CT 35011"
466,395,P-2539,265.35,2025-09-28,"89395 Sara Ports Suite 906, Moralestown, OK 23268"
467,107,P-8746,200.66,2024-10-26,"874 Webster Keys Apt. 358, Taylorfort, DE 59943"
468,493,P-6113,468.74,2025-01-02,"811 Combs View Suite 034, New William, NC 09021"
469,82,P-1691,374.91,2025-06-27,"5833 Richard Trace Suite 704, East Jennifertown, RI 15275"
470,282,P-9534,69.84,2026-05-11,"28262 Baker Expressway Apt. 412, North Cheryl, VA 86008"
471,247,P-5895,107.36,2025-03-09,"4100 Norris Villages, Coryborough, GA 35985"
472,455,P-1853,433.18,2025-03-20,"97941 Douglas Harbor, Johnsonside, NJ 20295"
473,112,P-2850,125.61,2025-12-18,"Unit 9632 Box 2517, DPO AA 19395"
474,223,P-6316,17.37,2024-11-04,"61189 Austin Inlet, Foxville, UT 50502"
475,407,P-5523,296.49,2024-11-26,"672 Sarah Drive, North Brookebury, MO 54778"
476,203,P-4982,14.37,2025-12-01,"68900 Marshall Rapids Suite 001, Sanchezmouth, AS 74305"
477,22,P-8786,347.31,2026-05-28,"97130 Jackson Course Apt. 386, Lake Williamland, SD 51599"
478,80,P-7084,387.68,2025-06-19,"5461 Rodriguez Expressway, South Marymouth, KS 40660"
479,128,P-3583,254.95,2024-12-18,"44225 Christopher Locks, East Matthewborough, PW 77533"
480,352,P-6544,466.11,2025-01-05,"447 Ware Lane, East Emilychester, SD 82487"
481,389,P-1983,39.28,2025-03-07,"6179 Cortez Burg, West Stacy, GU 91208"
482,331,P-3521,353.64,2025-03-11,"0211 Luis Plain, East Lindaside, FM 53533"
483,406,P-2759,71.65,2026-06-18,"7868 Martinez Mountain Suite 008, Larryview, AK 67501"
484,120,P-6189,491.01,2025-12-21,"190 Carter Vista, North Samuel, AZ 07100"
485,404,P-6690,404.7,2025-04-13,"9235 Joshua Grove, Nelsonton, NY 21173"
486,225,P-4161,20.45,2024-09-15,"4622 Gary Expressway Apt. 720, Raventown, FM 27781"
487,194,P-6868,364.95,2025-12-30,"88634 Chavez Ramp, New Adamhaven, NC 75439"
488,129,P-1646,247.79,2026-01-04,"41600 Patrick Terrace, Port Jimmy, TX 65312"
489,225,P-5828,275.93,2024-11-16,"906 Amber Street Suite 481, Castilloview, MS 32606"
490,251,P-4109,287.67,2024-07-21,"336 Pamela Stream Apt. 711, West Christopherside, SD 48916"
491,279,P-6696,168.59,2025-11-11,"420 Cynthia Valley, North Michaelmouth, WV 31849"
492,240,P-5510,435.14,2025-01-11,"6999 Campbell Squares Suite 667, Lake Brian, AR 72660"
493,307,P-3627,43.74,2024-09-30,"81822 William Ranch, Tammyberg, MH 51760"
494,80,P-8362,154.87,2024-10-02,"4527 Kristine Knolls, South Larry, IN 45647"
495,135,P-9873,189.88,2026-06-19,"29182 Rodriguez Crescent Suite 125, Anneport, TN 52612"
496,1,P-9289,195.72,2024-09-13,"230 Simmons Burg Apt. 128, New Douglas, CO 04383"
497,95,P-1306,313.66,2024-08-26,"29615 David Shoal, Staceystad, AL 65743"
498,187,P-4912,167.13,2025-12-11,"44604 Patricia Mill Suite 346, North Christymouth, IA 01398"
499,33,P-9830,411.32,2025-03-16,"472 Young Point, Millerchester, ND 22662"
500,98,P-9586,344.77,2024-10-19,"272 Chavez Alley, Boonefurt, MI 92092"
501,393,P-3525,310.38,2026-01-15,"USNS Hill, FPO AE 81949"
502,166,P-7714,324.03,2026-03-26,"784 Kennedy Village Apt. 290, West Alexis, MT 14768"
503,57,P-2577,266.36,2026-02-01,"2235 Cain Inlet Apt. 466, North Edward, MA 84019"
504,35,P-1717,419.23,2025-05-04,"54920 Keller Harbor Suite 111, Schroederside, OH 11027"
505,67,P-3926,438.0,2025-07-15,"634 Matthew Radial, Vincenthaven, AS 23932"
506,104,P-2753,247.82,2025-12-03,"680 Sullivan Way Apt. 511, East Christopherstad, ME 26200"
507,51,P-1521,289.79,2025-10-14,"01604 Smith Garden, Thomashaven, MS 07430"
508,429,P-7366,332.37,2026-06-13,"319 Pierce Ramp, North Christopherview, AZ 02231"
509,270,P-5193,34.04,2024-11-22,"PSC 7131, Box 7197, APO AP 73216"
510,114,P-2161,16.4,2025-04-21,"625 Jennifer Green, New Deborahmouth, GU 69167"
511,472,P-4419,331.31,2025-02-17,"113 Peterson Junction, Lake David, NJ 22320"
512,476,P-2310,239.34,2025-08-03,"072 George Centers Apt. 716, South Anthonyhaven, DE 81184"
513,328,P-1994,186.84,2025-05-31,"99647 Hampton Plain, South Matthew, IN 05785"
514,381,P-7814,412.78,2025-05-15,"24808 Mueller Mountain, North Geoffreyview, TN 38926"
515,407,P-1955,413.58,2024-11-10,"2216 Kristina Lights, Arnoldmouth, KS 52721"
516,137,P-9667,29.91,2025-10-22,"516 John Vista Suite 215, Lake Darrellchester, MH 39585"
517,37,P-5979,48.18,2026-02-13,"0335 Tiffany Via, Patriciaburgh, LA 28272"
518,111,P-9511,57.58,2025-11-17,"248 Gordon Forges, North Kevinville, WA 56217"
519,372,P-4784,270.5,2025-09-04,"3021 Buck Lane, Cortezside, MS 92026"
520,98,P-4164,267.82,2025-01-20,"95348 Clarence Islands, Port Davidview, PW 65862"
521,128,P-3931,283.62,2025-04-25,"8961 Kennedy Plaza, Manuelville, DC 72067"
522,286,P-7802,375.58,2026-01-06,"PSC 7512, Box 3959, APO AA 66913"
523,393,P-6864,340.49,2024-09-01,"0972 Jessica Brook, West Kristin, NE 99903"
524,360,P-7997,442.57,2025-12-13,"Unit 4677 Box 2051, DPO AA 13837"
525,86,P-3955,279.47,2024-07-11,"56478 Timothy Stream Apt. 317, Kurtbury, NC 02591"
526,259,P-6529,332.18,2026-01-10,"48572 Williams Port Apt. 546, Zavalamouth, HI 73246"
527,274,P-8258,467.41,2025-07-04,"6642 Sean Lane, East Timothy, CA 93091"
528,463,P-6163,279.53,2024-11-19,"6259 Jeffery Pines Suite 879, South Paulatown, AS 35005"
529,167,P-7090,212.04,2025-07-04,"USCGC Garza, FPO AE 23617"
530,325,P-8054,414.81,2024-08-03,"40508 Thomas Ports Suite 159, Pattersonview, WI 01658"
531,166,P-4943,285.93,2025-02-06,"7078 Porter Junction Suite 426, New Janettown, IA 69571"
532,110,P-7145,385.19,2024-12-28,"62732 Jasmin Extensions Apt. 711, Port Stevenstad, SD 64738"
533,475,P-5162,186.39,2025-04-29,"62042 Wilson Grove Suite 983, West Gregoryville, MP 56184"
534,232,P-8331,480.3,2026-05-21,"02698 Cody Grove, Lake Raymond, NM 10650"
535,1,P-1567,491.64,2024-08-05,"7031 Bradshaw Mission, West Ginaton, LA 76955"
536,306,P-1267,263.62,2024-11-13,"44693 Michelle Mill Apt. 947, Wernerside, AL 71270"
537,456,P-5945,13.21,2024-12-01,"4025 Rodriguez Rapids Apt. 932, Haynesfort, HI 71400"
538,114,P-4519,429.29,2026-03-13,"3504 Brown Village, Higginsmouth, MO 85158"
539,12,P-5521,460.35,2025-02-19,"453 Baker Summit, Andrewtown, NY 72083"
540,262,P-3534,56.19,2025-05-05,"756 Gene Plains Apt. 192, East Jacobland, MH 49181"
541,236,P-6827,86.48,2026-01-10,"USNS Harvey, FPO AA 34454"
542,136,P-7014,445.91,2025-07-23,"PSC 9322, Box 5333, APO AE 01360"
543,128,P-4817,135.55,2026-05-22,"25550 Christine Stream, West Justin, WY 94599"
544,154,P-2505,289.53,2025-11-03,"888 Neal Fords Apt. 332, Melissafurt, PW 21893"
545,292,P-4562,369.78,2025-08-28,"9831 Marie Turnpike, Karenland, GA 76494"
546,371,P-6319,398.51,2024-08-03,"9992 David Gardens Suite 631, Stevensshire, MN 36920"
547,89,P-8999,414.59,2024-10-16,"PSC 6294, Box 1937, APO AA 82045"
548,354,P-2562,301.65,2026-06-12,"67131 Watson Stravenue, Andersonchester, PR 36423"
549,154,P-1612,368.08,2025-06-03,"6120 Martinez Valleys Apt. 009, Lake Judy, ND 35704"
550,296,P-7251,48.44,2025-02-07,"21153 Gomez Island, West Jasonberg, CT 76770"
551,29,P-6478,180.48,2025-10-02,"779 Little Green, Jacobsberg, MN 91258"
552,419,P-8115,214.09,2025-12-15,"88345 Brittany Street, West Kelseyfort, NM 05933"
553,445,P-2974,436.19,2025-05-03,"32998 Gomez Knolls, East Matthewside, TN 38490"
554,117,P-1187,320.59,2026-05-24,"858 Maria Plains Apt. 567, South Kristina, AK 97449"
555,324,P-7266,36.51,2025-06-28,"925 Bradshaw Wall, Jillianland, WY 77257"
556,269,P-1674,166.46,2025-04-04,"50182 Daniel Shore, Jacksonport, NV 23058"
557,290,P-3450,170.14,2025-07-30,"01223 Miller Port Apt. 900, Fostermouth, AZ 18114"
558,358,P-4617,85.06,2025-04-17,"95632 Thomas Haven Apt. 039, North Joland, OK 29285"
559,345,P-7436,485.8,2024-12-18,"24711 Patrick Avenue, South Tammyhaven, FL 60978"
560,386,P-9269,54.13,2025-06-12,"6160 Cantrell Ways Apt. 643, Alexshire, MD 30420"
561,222,P-5747,395.31,2025-05-26,"76231 Tonya Flat Suite 109, Justinland, NE 39779"
562,76,P-3165,174.71,2024-09-30,"5441 Steve Mountain, Barrettfurt, NC 47950"
563,244,P-1807,278.58,2025-06-05,"3494 Cindy Cape, Nicholeland, NJ 43465"
564,135,P-2393,205.27,2026-03-11,"17999 Gerald Square Apt. 024, South Kyle, WI 35539"
565,223,P-3136,383.39,2024-08-17,"5653 Armstrong Mission, East Michaelport, WI 70764"
566,247,P-4245,249.04,2025-03-19,"8904 Thompson Path, Grossview, CA 86069"
567,334,P-4212,284.96,2024-06-30,"USNV Perez, FPO AA 82528"
568,377,P-9589,130.65,2026-03-31,"16435 Mary Bypass Apt. 781, Emilyton, ME 64559"
569,37,P-5362,390.61,2026-03-02,"3788 Hill Mount, South Jessicaland, ND 99125"
570,166,P-2467,65.13,2025-05-17,"4672 Fischer Lodge Apt. 541, Lisashire, AZ 08340"
571,212,P-7939,188.97,2024-10-09,"108 Cook Square, Santosside, MS 03179"
572,98,P-6254,178.81,2025-01-20,"0503 Sean Manors Apt. 306, Newmanborough, AK 53526"
573,336,P-1396,387.13,2025-06-01,"222 Jenkins Walks, Pruittview, WI 11154"
574,87,P-6729,311.94,2025-09-14,"865 Wayne Isle Apt. 673, Harrisburgh, UT 68007"
575,412,P-8245,315.35,2025-11-11,"0550 Duncan Dam Apt. 704, Hubbardland, ND 53122"
576,226,P-1735,462.85,2025-11-03,"3201 Hines Ports Apt. 739, Port Mary, MP 81203"
577,120,P-4271,345.82,2024-08-19,"Unit 8271 Box 8265, DPO AE 31090"
578,80,P-2405,65.05,2025-05-26,"649 Jackson Radial, Ericborough, VT 91655"
579,28,P-4982,474.97,2025-08-28,"35490 Justin Trail, Colefurt, PA 24045"
580,475,P-3419,435.68,2024-08-07,"05498 Susan Groves Apt. 884, Port Brian, FL 91430"
581,420,P-5713,16.72,2025-10-30,"816 Shaw Avenue Suite 643, West Nicolehaven, OR 99539"
582,356,P-2823,159.5,2025-12-28,"PSC 1649, Box 2815, APO AE 26677"
583,242,P-1372,172.61,2026-05-09,"0926 Williams Causeway, North William, ND 04622"
584,379,P-9814,113.81,2025-07-05,"PSC 1726, Box 2829, APO AA 72625"
585,280,P-9573,377.66,2024-10-27,"8500 Thomas Parkways Suite 927, Christopherchester, ND 00787"
586,281,P-8913,315.28,2025-04-27,"961 Lauren Lodge, Andersonside, AZ 70019"
587,73,P-1301,194.53,2024-09-27,"0263 Ramirez Forge, Leahfurt, SC 85823"
588,464,P-9631,31.3,2024-11-03,"12042 Martin Wells Suite 369, New Christopherberg, IN 60601"
589,88,P-1984,149.16,2025-03-15,"760 Chelsea Run Suite 024, South Lucas, PR 90902"
590,405,P-5444,36.0,2025-02-02,"648 Holly Via, Clarkeview, TX 02633"
591,336,P-1136,42.62,2026-06-01,"821 Sawyer Port Suite 738, Joshuafurt, MT 20459"
592,339,P-5445,334.85,2026-06-22,"USNS Patterson, FPO AA 53353"
593,468,P-6901,433.49,2026-02-01,"9125 Bradley Oval Apt. 204, New Alice, HI 22230"
594,10,P-5792,435.02,2026-05-25,"66617 Thompson Key, Bishopshire, PW 79251"
595,333,P-7332,123.26,2025-10-15,"58768 Mckinney Mission, West Sabrina, NE 02120"
596,195,P-9331,488.53,2025-01-28,"84931 Gonzalez Pines, Port Carol, FL 17023"
597,51,P-6168,247.47,2025-04-12,"4076 Mary Stream, Port Kevinbury, PR 04925"
598,306,P-9709,53.12,2026-03-20,"41038 Morris Roads, Andersonshire, RI 71299"
599,102,P-9202,483.72,2025-05-05,"2240 Oliver Station Apt. 082, West Marie, AK 75241"
600,288,P-1352,29.47,2026-05-04,"Unit 6919 Box 4896, DPO AE 75000"
601,473,P-9673,159.4,2026-05-10,"568 Natasha Corner, Hopkinsbury, SC 00865"
602,251,P-7445,374.74,2025-05-15,"695 Hernandez Track, Melissatown, ME 32994"
603,10,P-6681,345.3,2026-01-24,"25313 Guerrero Island Suite 100, Henryborough, SD 22725"
604,182,P-5953,125.73,2024-08-14,"Unit 5036 Box 1920, DPO AE 91597"
605,257,P-5519,407.82,2025-02-20,"387 Jason Canyon, West Jessica, AS 39026"
606,321,P-5221,440.54,2026-03-06,"8904 Reynolds Mills Suite 235, North Heatherfort, MT 42621"
607,456,P-1482,472.62,2024-08-16,"0851 Neal Shoals, Port Amanda, MI 10784"
608,486,P-5590,120.53,2025-01-03,"91858 Maxwell Plains Apt. 157, Josephfurt, TN 48439"
609,175,P-7436,331.89,2024-12-20,"77004 Briana Village Apt. 454, New Joshuatown, WV 33091"
610,45,P-7262,265.14,2025-09-06,"18039 Long Estates, East Willieside, OH 52843"
611,348,P-4726,214.48,2025-11-04,"788 Edward Islands, New Heidi, CO 50588"
612,294,P-3502,218.96,2025-01-14,"35623 Sarah Rapids, Evanstown, NY 66984"
613,160,P-6395,230.08,2026-04-10,"0898 Riddle Canyon Apt. 019, New Maryport, VI 29645"
614,68,P-4387,329.7,2024-08-18,"6115 Spencer Points, West Frankfurt, IA 24942"
615,298,P-9869,345.17,2025-10-16,"47220 Perez Mountains Apt. 774, Jenniferport, NJ 95712"
616,104,P-3262,161.4,2025-11-14,"317 Keith Summit, Port Christinamouth, VA 32466"
617,362,P-9582,455.68,2025-08-17,"6262 Mark Trace Suite 053, East Kaitlynland, WA 70574"
618,221,P-3378,331.54,2025-01-28,"703 Black Causeway Suite 063, South Randychester, MP 01597"
619,290,P-3589,165.56,2025-03-20,"640 Alex Forge, New Davidburgh, AR 97596"
620,286,P-9732,474.8,2024-12-12,"09452 Katrina Mount Suite 979, Jesseville, OK 85601"
621,61,P-4016,165.61,2026-02-14,"Unit 0098 Box 6027, DPO AA 65119"
622,451,P-3384,366.26,2026-05-06,"9205 Burgess Rapids Suite 453, North Angelaside, DE 94658"
623,392,P-6221,441.25,2025-07-27,"344 Sanders Lodge Apt. 295, North Trevor, NM 07360"
624,212,P-7737,158.63,2025-02-07,"61624 Johnson Branch, Shaneberg, WV 55760"
625,382,P-5485,84.45,2026-04-12,"51585 Chad Flat, North Scottland, NE 65650"
626,97,P-2749,74.45,2026-02-03,"8790 Anderson Glens, Charlesbury, OR 43282"
627,14,P-5372,306.74,2025-02-01,"645 Colton Valleys, Heathermouth, OR 07633"
628,314,P-4783,302.21,2025-02-10,"898 Graham Summit, Melaniefurt, OR 28656"
629,119,P-1427,186.03,2025-05-02,"335 Baker Skyway, Fostertown, MN 90503"
630,353,P-8808,75.69,2025-05-30,"771 Sanchez Avenue, New Jacobtown, PA 47671"
631,434,P-8680,358.88,2025-05-04,"97323 Roberts Canyon, Port Ann, DC 42727"
632,192,P-4014,427.53,2024-12-14,"6992 Martin Mountains Apt. 923, Deniseton, DC 31735"
633,252,P-8763,77.37,2025-11-05,"0169 Jeremy Union, New Joshua, DC 28343"
634,99,P-4707,25.78,2026-05-25,"982 Lauren Orchard, Loriland, MA 35723"
635,392,P-1245,463.45,2025-11-08,"75699 James Forges Apt. 006, Traciborough, TX 20781"
636,487,P-7767,119.04,2024-11-03,"77773 Sheila Mall, South Richardport, VA 63172"
637,344,P-4323,381.3,2024-07-12,"85036 Matthew Island, New Wesley, ME 18231"
638,34,P-3901,464.27,2025-09-25,"740 Rachael Groves, Lake Deborahchester, NJ 99933"
639,225,P-9027,347.04,2025-03-17,"2590 Greer Bridge Apt. 363, Cynthiafurt, FM 34890"
640,444,P-8496,444.91,2026-05-14,"745 Brewer Fords Apt. 839, Goodmanside, VT 36912"
641,219,P-7633,390.34,2026-02-27,"9860 Cervantes Bridge, Carlaborough, FL 55150"
642,312,P-7232,362.89,2026-01-09,"23946 David Estate, Lake Michelleville, MA 81230"
643,202,P-9784,267.35,2025-01-18,"USNS King, FPO AE 92225"
644,449,P-1630,265.11,2024-08-14,"223 Crosby Hills Apt. 256, Francisfort, CA 67792"
645,232,P-8485,415.22,2026-01-09,"78870 Sandoval Vista, Carloshaven, AR 50887"
646,22,P-5025,264.15,2025-11-13,"Unit 3495 Box 6479, DPO AP 70818"
647,203,P-1643,283.26,2026-06-02,"Unit 6058 Box 6794, DPO AP 51202"
648,265,P-1807,103.02,2024-11-09,"97236 Brent Plains, New Nicolechester, CO 50857"
649,226,P-7521,443.34,2025-04-10,"5578 Tapia Isle Suite 865, Karenstad, FM 65189"
650,397,P-5684,236.05,2025-03-06,"Unit 2476 Box 4000, DPO AA 69153"
651,217,P-5823,310.43,2025-05-14,"240 Jones Light Suite 451, East Patricia, VI 40155"
652,28,P-9470,452.79,2024-12-29,"0233 Barr Meadow Apt. 835, Camacholand, NV 03106"
653,238,P-8400,54.31,2026-05-23,"442 William Loop, East Brandonmouth, VA 06859"
654,257,P-2854,98.08,2025-07-22,"94134 Brandy Meadows, Port Catherinefort, VI 75979"
655,300,P-9952,76.29,2026-03-25,"2841 Michael Ridge Suite 804, Robinmouth, IL 46892"
656,212,P-6299,230.92,2025-12-24,"8095 Bowman Fork Suite 059, East Dianechester, AL 22597"
657,92,P-8433,299.24,2025-11-28,"031 Pruitt Rapid, West Abigail, RI 02802"
658,365,P-4308,442.44,2025-05-30,"31977 Mitchell Mews, Coxstad, DE 86524"
659,47,P-5097,168.79,2025-02-02,"482 Adam Pike Apt. 958, Hortonview, CT 75284"
660,333,P-3686,361.99,2025-04-25,"60586 Martin Manor, Carterhaven, IL 13432"
661,64,P-2494,65.93,2026-03-04,"6293 Nathan Valleys, South Amberberg, LA 19726"
662,231,P-6946,51.79,2026-03-31,"469 Sarah Drives Apt. 272, Lake Thomas, NV 82378"
663,363,P-7292,366.16,2025-06-24,"37900 Stewart Groves, Brownside, KY 61582"
664,500,P-9383,309.91,2026-06-11,"76755 Brittney Club Apt. 737, West Brandymouth, NM 79475"
665,82,P-7204,279.66,2024-08-03,"962 Serrano Fords Suite 887, Harristown, VI 20889"
666,23,P-3799,456.99,2026-05-24,"23961 Danny Roads Apt. 518, East Sarahside, NC 84855"
667,290,P-3459,89.43,2025-03-31,"207 Rose Loaf, Port Davidmouth, OR 17796"
668,75,P-3930,386.88,2024-11-29,"8933 Whitehead Pass, Stanleymouth, PW 06559"
669,27,P-7874,160.94,2024-12-16,"5789 Atkins Tunnel Apt. 355, Smithfort, NV 31450"
670,374,P-8311,151.49,2025-12-14,"55505 Lowe Bypass, Davidland, NC 63211"
671,93,P-2926,450.28,2025-09-16,"444 Larry Pass, North Teresa, ME 08875"
672,492,P-4323,11.72,2025-02-02,"123 Rosales Flat, Nicholsmouth, DE 43007"
673,392,P-5146,15.97,2025-09-23,"097 Williamson Plain, Port Nicolebury, SC 40157"
674,255,P-9169,276.31,2026-01-30,"8446 Andrews Hill Apt. 366, Lisaland, NE 29065"
675,3,P-9084,126.55,2026-05-08,"78315 Diaz Squares Apt. 927, North William, OH 97892"
676,302,P-8794,232.32,2024-11-21,"8542 Jeremy Hills, South Melissastad, CA 72589"
677,227,P-2300,304.59,2025-03-02,"660 Lozano Hills, Laurafort, VT 33872"
678,4,P-5009,442.25,2025-04-02,"958 Santos Road Suite 491, Browntown, MA 02221"
679,143,P-4401,33.96,2026-05-16,"PSC 1816, Box 9814, APO AE 30375"
680,76,P-1902,330.1,2026-01-18,"760 Roth Ford Suite 740, New Lisa, VI 16934"
681,19,P-3381,428.37,2025-07-18,"02650 Mann Ferry, New Pamelachester, MS 59800"
682,342,P-5889,172.23,2025-05-24,"6610 Wendy Summit Suite 342, East Lauraberg, DC 89636"
683,45,P-1803,63.34,2025-11-14,"37683 Freeman River, North Thomasmouth, RI 09960"
684,92,P-3643,339.31,2025-02-16,"1440 Jason Trail Suite 174, Velezchester, FM 40762"
685,313,P-3906,483.47,2024-10-02,"86372 Robinson Port, Jillfurt, MH 80761"
686,384,P-6901,466.42,2025-09-28,"277 Rosales Greens, West Cathytown, IL 72272"
687,48,P-5903,168.17,2025-02-13,"Unit 5513 Box 4448, DPO AA 63561"
688,460,P-7208,411.92,2024-10-02,"047 Sue Circles, Saraview, MS 96342"
689,389,P-8001,423.21,2025-12-14,"9325 Danny Square Suite 887, Jasonberg, VI 90705"
690,34,P-5797,240.69,2024-06-27,"3776 Davis Fields Apt. 858, North Coryside, NJ 32378"
691,63,P-5496,171.3,2024-08-23,"1143 Olson Loop, Lake Dale, AS 02438"
692,212,P-9595,112.81,2025-06-12,"09685 Turner Isle Suite 068, East Michelleshire, TN 26443"
693,108,P-1953,63.55,2024-12-17,"4230 Johnson Ferry, North Jackson, NY 57089"
694,374,P-9666,493.71,2026-03-23,"Unit 5052 Box 2411, DPO AA 20607"
695,248,P-5705,219.25,2024-07-11,"51459 Andrew Wall, Colemanbury, IL 97518"
696,435,P-6185,137.22,2025-07-06,"0053 Jack Fall, West Nicholastown, CT 87435"
697,295,P-6797,464.27,2025-12-14,"34843 Barbara Fields, Lake Grant, HI 68268"
698,315,P-9132,264.65,2025-03-25,"Unit 3239 Box 4564, DPO AA 17047"
699,324,P-9154,251.32,2024-11-27,"4976 Glen Prairie Suite 634, Lake Brian, AS 76960"
700,93,P-4812,357.2,2026-05-18,"734 Thompson Mountains Apt. 561, Haleyfurt, MO 49119"
701,100,P-1025,67.91,2026-02-07,"7625 Monica Pass, New Sabrinachester, ME 14293"
702,239,P-2932,371.35,2025-01-02,"36952 Humphrey Tunnel Suite 665, West Jared, OR 92086"
703,107,P-7793,212.87,2025-11-07,"PSC 2985, Box 3243, APO AP 99457"
704,171,P-6728,284.59,2026-06-15,"1571 Danielle Way, Tapiaside, IN 42965"
705,327,P-4478,15.53,2025-01-06,"USNV Jenkins, FPO AA 66064"
706,104,P-5614,134.65,2025-12-21,"1682 Cunningham Ramp, New Charlene, FM 72115"
707,35,P-6042,157.13,2026-01-18,"3811 Prince Passage, Lake Steven, AK 32593"
708,282,P-6307,385.84,2024-07-08,"60720 Joshua Ridges Suite 780, South Jessica, OK 27764"
709,59,P-6460,177.26,2024-09-16,"Unit 4639 Box 4762, DPO AA 84707"
710,371,P-1477,417.69,2025-01-11,"4563 Carla Mount, Lake Sarah, VI 77654"
711,100,P-6415,418.56,2025-09-25,"9481 Hunter Loop, Higginsshire, NH 12091"
712,473,P-8849,458.91,2025-09-18,"8335 Carol Bypass, South Danielstad, WY 75371"
713,409,P-1582,326.36,2024-07-12,"949 Kathleen Common, East Jesse, KY 28739"
714,247,P-3545,317.32,2025-06-05,"348 Juan Views Suite 101, Snyderborough, AZ 10188"
715,457,P-9797,449.0,2026-06-18,"PSC 1160, Box 4991, APO AE 06734"
716,237,P-7782,464.61,2026-03-04,"28866 Richard Plains, Lake Tammieton, IA 38771"
717,29,P-9537,156.67,2024-10-05,"USNS Scott, FPO AP 43640"
718,372,P-6169,282.03,2025-01-29,"35316 Heather Port, South Maryshire, CT 27424"
719,10,P-4412,292.91,2026-04-26,"7117 James Dale, New Evelyntown, DC 40275"
720,170,P-6793,42.43,2026-04-15,"88141 David Place, Rosalesport, MD 18420"
721,77,P-5595,421.95,2026-04-17,"USS Barton, FPO AP 28435"
722,174,P-7147,316.98,2026-05-31,"6463 John Turnpike Apt. 074, Lake Valerieville, WY 76207"
723,432,P-3719,289.77,2026-06-22,"54013 Samantha Forge, Brettchester, TN 24820"
724,200,P-4070,301.63,2025-04-02,"5252 Singh Club Apt. 254, Leland, VT 61651"
725,443,P-6050,355.57,2025-08-22,"856 Munoz Parkways Apt. 005, New Veronicamouth, NE 59669"
726,162,P-1518,143.02,2025-03-03,"55842 Shane Stream Apt. 726, Andersonstad, MO 48598"
727,45,P-9143,439.74,2024-07-10,"0014 Rodriguez Forges, Port Nicholaschester, VI 24098"
728,191,P-8404,416.42,2024-12-29,"00668 Emily Unions Apt. 728, North Thomas, GA 25689"
729,155,P-4541,267.29,2025-06-23,"223 Andrea Falls Apt. 824, New Joshuamouth, VI 20888"
730,90,P-2838,193.36,2025-07-11,"04108 Chavez Unions Apt. 351, East Michaeltown, GU 41712"
731,20,P-4311,457.53,2024-11-10,"Unit 7228 Box 9206, DPO AA 15922"
732,228,P-9290,22.21,2025-10-02,"USNV Huber, FPO AP 05866"
733,248,P-9192,85.49,2025-09-02,"28010 Garcia Heights, Johnland, RI 44137"
734,175,P-8921,368.89,2026-03-21,"447 Marsh Heights, New Benjamin, CO 84591"
735,269,P-6084,390.0,2025-06-29,"63578 Emily Forks, Grantville, TN 19625"
736,74,P-2609,412.84,2024-09-01,"3699 Luis Isle Suite 575, Heiditown, ND 36972"
737,481,P-9456,341.58,2024-11-05,"PSC 0696, Box 9045, APO AE 68635"
738,68,P-4361,365.03,2025-09-09,"1065 Stevens Fort, Avilastad, NV 06167"
739,236,P-7350,359.69,2024-08-21,"1368 Kent Plaza Apt. 253, New Juanfort, VA 52729"
740,268,P-2897,12.0,2025-09-15,"4477 Marcus Wells Apt. 842, Lake Donald, KS 23321"
741,478,P-1721,346.65,2024-11-24,"1724 Jennifer Junctions, Port Raymond, CT 43443"
742,305,P-2426,173.3,2025-07-17,"062 Hart Lane Apt. 242, Shannonbury, WV 28405"
743,456,P-1755,60.51,2024-12-01,"945 Sarah Vista Apt. 582, Perezview, AK 18827"
744,393,P-6119,21.01,2025-09-07,"2174 Caroline Village, North Kevin, MT 61319"
745,389,P-6114,323.03,2025-07-22,"3926 Munoz Mountains, South Jeffreyberg, GU 47025"
746,108,P-6257,108.26,2025-12-23,"Unit 1392 Box 8048, DPO AA 01495"
747,147,P-5532,270.81,2024-11-04,"901 Dawn Forest, Christinefort, PA 64361"
748,396,P-8227,338.84,2024-08-22,"029 Jordan Lane, East Meagan, MS 94288"
749,140,P-3446,87.16,2025-11-28,"85594 Jessica Prairie Apt. 304, Jessicaborough, DC 97874"
750,59,P-1249,479.56,2024-12-10,"USCGC Owens, FPO AP 10392"
751,287,P-9422,60.15,2025-01-16,"437 Kimberly Crest Suite 539, North Elizabethfort, NE 55645"
752,278,P-6739,279.18,2025-11-24,"76120 Angela View Suite 780, Bateston, FL 17808"
753,139,P-3319,472.2,2024-12-18,"8706 Chen Ford Suite 322, Lake Tom, ND 47127"
754,412,P-5641,291.29,2025-08-24,"8485 Walker Parks, North Justinberg, PA 41338"
755,88,P-2167,162.57,2024-11-09,"5398 Morgan Squares, East Douglaschester, MI 79070"
756,457,P-6549,274.87,2025-10-16,"9327 Garcia Shoals Apt. 765, West Paulahaven, DC 05906"
757,26,P-3131,24.2,2024-08-29,"5266 White Mills, Port Paige, CA 19440"
758,463,P-1826,61.89,2025-06-13,"Unit 5533 Box 7565, DPO AA 80926"
759,28,P-2410,218.96,2025-05-31,"496 Fred Via Suite 510, Richardberg, MD 01262"
760,92,P-8304,311.98,2026-05-23,"6851 Loretta Center Suite 276, Whitebury, WA 42388"
761,160,P-6444,410.54,2025-11-17,"4212 Kevin Ways, Rachelburgh, FL 26175"
762,366,P-9740,48.48,2025-01-21,"5797 Nathaniel Way, Helenton, NH 03676"
763,473,P-8629,288.21,2024-11-17,"47823 Sean Street, Lake Brian, OK 92083"
764,48,P-8672,57.65,2025-11-18,"6706 Richard Forges Apt. 863, North Carlosberg, FM 20364"
765,159,P-8625,240.56,2024-07-11,"USS Vance, FPO AP 89091"
766,486,P-4666,80.41,2025-07-05,"64833 Rodney Mission Suite 082, Jimenezland, UT 27612"
767,459,P-5227,457.29,2025-03-27,"469 Andrew Land Suite 490, Port Jacobview, RI 48944"
768,201,P-4004,352.8,2026-01-01,"0011 Carter Creek, Cooperhaven, VT 91061"
769,341,P-6412,396.49,2026-04-06,"88904 Little Circle, Bryanbury, CA 46188"
770,452,P-6320,232.1,2025-04-14,"PSC 5135, Box 3814, APO AP 85137"
771,16,P-2070,242.9,2024-11-27,"8030 Dakota Lodge Suite 647, South Marymouth, OH 34876"
772,180,P-8842,236.0,2024-07-18,"USS Moore, FPO AA 86622"
773,88,P-5624,386.28,2024-09-05,"PSC 8837, Box 1611, APO AA 68128"
774,310,P-3087,258.89,2026-05-01,"19976 Kelly Street Apt. 326, South Mollymouth, VI 04182"
775,208,P-2752,169.67,2025-02-20,"Unit 3534 Box 5819, DPO AA 55811"
776,333,P-2162,398.28,2025-02-16,"53399 Justin Loaf Suite 217, Rogerston, CA 89802"
777,273,P-8552,206.39,2025-02-18,"8793 Lisa Trail Apt. 028, Jamesmouth, HI 63283"
778,212,P-4908,314.22,2025-12-25,"5150 Luis Well, Sherrychester, CT 31768"
779,281,P-3605,487.2,2024-06-25,"89720 Cannon Fork, South Laura, NJ 60254"
780,197,P-2082,176.94,2026-04-25,"USS Martinez, FPO AP 38838"
781,417,P-8063,394.3,2024-10-02,"863 Kimberly Circle Apt. 712, North Margaretview, FL 25858"
782,223,P-6606,276.81,2025-01-23,"057 Duke Court, Michaelshire, OR 83193"
783,121,P-3835,334.67,2025-06-04,"6676 Williams Ridge Suite 833, Kimberlytown, AK 81109"
784,40,P-8972,66.01,2025-11-25,"65379 Susan Falls Apt. 191, Johntown, NH 03286"
785,306,P-8584,169.43,2025-03-13,"0157 Christopher Isle, Lake Jacquelineton, CA 52532"
786,50,P-8294,96.32,2025-11-22,"PSC 6008, Box 0265, APO AP 75450"
787,490,P-7648,44.1,2025-11-28,"9783 Lucas Parkways Apt. 571, North Justin, MO 62366"
788,56,P-7208,170.42,2025-08-12,"86643 Andrew Fords Apt. 726, Diazhaven, FL 41182"
789,331,P-2007,54.35,2025-04-05,"724 Benjamin Bypass, North Amy, TN 07006"
790,419,P-3276,444.75,2024-08-24,"51908 Ramirez View Apt. 716, Lake Brian, SD 91736"
791,463,P-1003,380.96,2025-12-04,"Unit 5636 Box 9301, DPO AE 07954"
792,339,P-3444,231.95,2025-12-02,"87810 Nash Place, East Alisonbury, MA 92122"
793,150,P-7389,311.62,2026-05-18,"093 Sandra Squares, Lake Scott, NE 12103"
794,229,P-4205,110.76,2024-12-16,"081 Traci Spring, Meyerstad, PR 75484"
795,450,P-6187,156.86,2025-01-29,"0531 Benjamin Keys Apt. 309, Crawfordborough, PA 59203"
796,407,P-5989,460.06,2025-09-17,"89142 Obrien Mountains, Quinnstad, SD 04273"
797,480,P-8122,361.71,2025-12-27,"7187 Sanders Crossroad Apt. 636, Angelfurt, FM 84371"
798,469,P-6640,495.23,2024-10-18,"PSC 2922, Box 6667, APO AP 91088"
799,299,P-1133,309.62,2025-07-03,"6165 Jacob Row, South Kellyshire, IA 42180"
800,262,P-7622,425.33,2025-08-09,"9777 Ryan Rapids Suite 640, New Mike, WA 70257"
801,437,P-5819,40.57,2024-07-10,"417 Patricia Tunnel, Riveraside, OR 25204"
802,462,P-9992,484.26,2025-08-13,"USNS Lawrence, FPO AA 52468"
803,1,P-6885,63.74,2025-03-05,"14860 Morgan Lake Apt. 092, Josephburgh, NC 59117"
804,145,P-1510,125.26,2025-08-06,"703 Kim Radial Apt. 011, West Cynthia, CA 84878"
805,360,P-7459,316.35,2025-06-27,"4290 Stanley Rapid, Edwardburgh, GA 30262"
806,365,P-7271,208.95,2026-03-06,"80620 Kimberly Parks, North Shelby, AS 34799"
807,223,P-9931,113.49,2026-01-17,"PSC 6249, Box 7537, APO AP 83739"
808,89,P-8780,78.13,2025-01-18,"1446 Valenzuela Springs Suite 406, Mccormickstad, SD 40337"
809,285,P-7301,423.22,2024-12-24,"1466 Gomez Well Apt. 483, Annabury, TN 46792"
810,185,P-7835,85.58,2025-10-13,"USNS Bond, FPO AA 28790"
811,447,P-3056,75.79,2025-05-05,"532 Michelle Valleys Suite 758, Smithhaven, MH 80317"
812,37,P-1257,80.55,2025-01-20,"834 Sanchez Stream Suite 958, West Andrewport, MD 08309"
813,454,P-8974,332.37,2025-03-13,"467 Jessica Branch, South Jamesburgh, PW 99874"
814,500,P-3224,51.48,2025-09-06,"773 Meadows Vista, Josephstad, TN 82930"
815,329,P-7813,431.46,2026-05-31,"62585 Michael Springs, Lake Heidi, AL 39809"
816,458,P-7974,315.38,2026-06-17,"143 Perez Circles, South Candace, WI 90125"
817,233,P-9346,217.81,2025-11-05,"9531 Daniel Garden, Barbaraview, VI 22372"
818,420,P-8373,198.5,2025-04-11,"2866 Linda Key Apt. 085, Walkerborough, OH 94205"
819,116,P-4044,218.13,2025-10-29,"46091 Mario Common Suite 455, Katelynbury, UT 59975"
820,4,P-9161,424.92,2025-11-14,"PSC 6272, Box 8167, APO AE 32934"
821,122,P-9220,141.92,2025-05-11,"57562 Scott Courts, Port Roger, NY 34257"
822,475,P-9948,292.4,2025-07-11,"2099 Rodney Fort Apt. 963, Port Meganmouth, CA 57625"
823,18,P-1620,288.38,2025-12-18,"USNV Rogers, FPO AP 43745"
824,361,P-7038,65.44,2025-12-01,"67312 Juan Forks, West Wayneland, TN 38741"
825,247,P-2311,79.61,2025-10-10,"364 Williams Springs Apt. 823, East Jonathanfort, MN 49139"
826,375,P-9624,491.94,2025-05-10,"54904 Lee Corner, Lake Kevin, NE 81115"
827,385,P-5578,237.81,2025-03-21,"PSC 1029, Box 7711, APO AA 02571"
828,41,P-9574,446.05,2025-04-16,"792 Berger Junction, South Jasonburgh, NY 15121"
829,46,P-5017,241.49,2026-02-27,"087 Lori Drives, North Brittney, IA 52545"
830,380,P-2279,345.19,2025-08-10,"3767 Kendra Knolls Apt. 987, Smithport, MI 78470"
831,277,P-6119,310.38,2025-12-15,"3044 Williams Valleys, North David, SD 49952"
832,463,P-6628,272.16,2025-12-16,"903 Little Centers Apt. 958, Chavezfurt, AR 31662"
833,6,P-8681,232.47,2025-10-09,"346 Shelton Hills, New Jenniferberg, IA 56070"
834,464,P-8687,291.23,2025-07-22,"82721 Monica Island, East Johnfurt, AR 13680"
835,170,P-7897,182.92,2025-07-25,"38825 Glenn Trail, Lake Jessica, FM 99101"
836,409,P-5827,151.7,2025-10-26,"60389 Deborah Squares Suite 369, South Kaitlynshire, VT 40642"
837,19,P-5981,366.21,2025-10-08,"00521 Hale Courts, South Robinmouth, DE 57347"
838,289,P-5267,40.08,2024-12-15,"895 Henry Mount, New Nathanville, FM 77065"
839,243,P-3770,290.69,2025-12-24,"4569 Thomas Locks Suite 561, South Ronald, CO 31476"
840,337,P-5780,406.35,2025-05-09,"886 Meghan Garden, Richardberg, WA 53155"
841,320,P-1447,150.53,2026-01-02,"305 Snyder Mount Apt. 388, Burgesston, GA 96109"
842,43,P-3077,257.73,2024-10-02,"614 Cobb Light Apt. 763, North Kenneth, TX 14977"
843,436,P-5552,133.49,2024-08-13,"421 Lopez Pass, North Carolyn, ND 97117"
844,316,P-5603,144.85,2025-04-26,"7046 Bennett Port Suite 987, East Nicholasside, WI 30821"
845,132,P-1232,373.29,2024-06-24,"9363 Kathy Ports, Lake Stephanie, WI 93161"
846,310,P-3860,455.95,2026-06-14,"0659 Joshua Cape, Brendanberg, OR 12846"
847,379,P-3476,332.98,2024-08-20,"247 April Brooks, New Dannyshire, WI 52992"
848,190,P-3873,138.0,2025-10-11,"7898 Wall Neck Suite 997, West Evanberg, CT 64769"
849,359,P-4869,247.6,2024-09-20,"6581 Wanda Branch Suite 173, Richardbury, CT 53969"
850,410,P-9640,432.38,2024-11-15,"5726 Robert Inlet Suite 378, North Audreyborough, NC 90906"
851,176,P-2382,483.99,2025-11-23,"8201 Dawn Bridge, Jonesfort, MI 25211"
852,305,P-3525,420.42,2026-01-24,"3361 Chase Ridges, Josephton, WV 06452"
853,386,P-7765,387.47,2025-02-03,"72954 Black Isle, West Heather, MH 31226"
854,122,P-8211,365.73,2025-11-01,"PSC 8127, Box 4392, APO AE 42726"
855,86,P-4454,293.09,2026-01-11,"4192 Grant Wells, Lake Jocelynview, MP 65189"
856,432,P-6653,36.61,2026-03-18,"PSC 1236, Box 0186, APO AE 75401"
857,136,P-2900,35.73,2025-09-02,"84531 Price Trail, New Johnfort, PA 52922"
858,238,P-7533,243.34,2025-07-08,"964 Macias Prairie, Taylorview, PW 96102"
859,244,P-9724,124.48,2024-07-15,"Unit 9921 Box 7735, DPO AP 12683"
860,350,P-7390,242.54,2025-04-23,"39736 Johnson Square, North Timothy, IN 93118"
861,75,P-9690,436.43,2025-01-22,"2224 Haley Pine, Port Lisa, MT 88805"
862,7,P-5731,464.33,2026-04-19,"5401 Deborah Inlet, Josephport, WV 72950"
863,230,P-7258,342.45,2026-03-21,"43509 Gonzales Keys, North Elizabethhaven, NE 86663"
864,493,P-9687,344.6,2024-08-08,"99414 Bell River Apt. 370, Larryberg, ME 43071"
865,22,P-2595,459.67,2026-06-15,"261 Anthony Flats, Patrickview, HI 98719"
866,327,P-6797,478.52,2025-08-18,"Unit 0237 Box 6669, DPO AP 56000"
867,222,P-5466,174.12,2025-09-03,"38619 Davis Circles Apt. 909, Port Laura, DC 37259"
868,137,P-2610,135.11,2025-10-12,"66283 Ortiz Flats Suite 889, East Jonathan, NJ 49119"
869,300,P-7408,235.93,2024-09-04,"USCGC Graham, FPO AP 33845"
870,346,P-4961,369.8,2025-12-08,"2438 Patrick River Apt. 855, South Josephmouth, GU 03346"
871,302,P-4193,264.77,2025-08-18,"470 Ashley Valley Suite 453, Carolynfort, MO 43510"
872,347,P-3947,163.49,2024-07-24,"09954 Andrea Motorway, West Valerie, WA 96147"
873,6,P-1138,417.52,2025-09-11,"667 Bryant Lodge Apt. 706, North Meghanmouth, PW 11253"
874,7,P-7737,57.86,2024-08-20,"USNS Lindsey, FPO AA 94325"
875,54,P-8306,182.23,2026-05-04,"7566 Smith Junction Apt. 886, Lake Codyfort, TN 38843"
876,372,P-5641,133.42,2024-12-29,"43596 Smith Harbors, Katherinetown, SD 44426"
877,18,P-1388,313.49,2026-01-14,"5402 Santana Underpass, Jonesside, OR 22497"
878,30,P-4552,475.73,2026-04-10,"0250 Amber Well, Pattersonburgh, WV 49835"
879,327,P-2995,356.95,2026-03-23,"638 Berry Trace, Villarrealton, TN 51011"
880,62,P-2415,429.65,2024-11-12,"10127 Burke Corner, North Katherine, SD 66523"
881,67,P-7159,331.62,2026-03-12,"5867 Patricia Loaf Suite 620, Lake Roberto, KS 40352"
882,461,P-4027,449.03,2025-11-01,"8963 Daniel Cliffs Apt. 335, Frazierland, NJ 94094"
883,357,P-4018,134.12,2026-02-27,"PSC 7317, Box 4457, APO AA 56600"
884,240,P-2240,322.99,2024-10-26,"3678 Horton Pass, Cervantesview, WY 65485"
885,473,P-5528,386.98,2026-05-29,"434 Taylor Knoll Apt. 774, Port Kristenfort, MS 61545"
886,355,P-6298,136.08,2025-04-24,"2076 Gomez Inlet, Bellport, CO 10466"
887,400,P-2212,145.86,2025-02-08,"309 Kristina Row, New Melissaton, WY 54114"
888,32,P-7271,200.4,2025-03-21,"44538 Pena Manors, Johnburgh, PW 26752"
889,31,P-5230,478.24,2026-03-16,"0004 Johnson Ports Apt. 103, Brendastad, GU 55736"
890,136,P-3915,225.87,2024-08-17,"1181 Shaw Summit Suite 466, West Jessicafort, NV 56213"
891,252,P-4287,309.04,2026-04-27,"704 Quinn Loop Suite 682, Lake Nathanberg, MN 53469"
892,92,P-9061,63.12,2025-02-27,"89142 Heather Alley Apt. 927, Odonnelltown, MD 36970"
893,277,P-8065,117.0,2026-02-24,"21405 Javier Corners Suite 604, Parkerbury, IL 72821"
894,330,P-2740,457.17,2025-08-27,"852 Gibson Way Suite 203, Catherineport, CT 02688"
895,367,P-5243,60.6,2026-05-02,"387 Mary Corner, Gutierrezfort, NJ 40143"
896,38,P-2153,289.95,2024-08-30,"1830 Michael Landing, West Rachel, MT 42218"
897,129,P-8305,19.18,2025-07-17,"885 Heather Overpass, Matthewton, AS 76173"
898,255,P-3438,329.89,2025-07-08,"86558 Nicholas Key, East Amanda, PR 13228"
899,1,P-1619,335.65,2025-08-25,"003 Lori Way, Lopezberg, VT 80022"
900,137,P-3483,353.02,2026-06-09,"95973 Mary Street, East Bryanmouth, FL 62390"
901,464,P-7411,291.56,2026-04-14,"6133 Martin Row, Michaelton, CA 42539"
902,264,P-9039,244.28,2024-12-02,"0778 Emily Courts Apt. 965, Elizabethmouth, MD 60350"
903,207,P-2148,274.65,2025-04-15,"45418 Carla Courts Apt. 699, Matthewton, MT 40712"
904,2,P-7298,477.53,2025-11-04,"USS Johnson, FPO AE 91566"
905,419,P-8898,69.38,2025-12-20,"Unit 6910 Box 0822, DPO AP 33276"
906,275,P-6880,173.38,2024-09-27,"268 Edwin Corner Suite 562, Houstonshire, WI 50499"
907,156,P-7563,37.04,2026-05-20,"479 Julie Branch, Ashleyberg, TN 83619"
908,491,P-2485,189.01,2025-09-27,"USNV Vasquez, FPO AE 72756"
909,437,P-6571,49.41,2025-09-23,"20074 Gilbert Street, West Linda, OH 61197"
910,236,P-5750,327.41,2026-05-09,"45205 Jasmine Drive Suite 060, Andreaburgh, WY 24346"
911,91,P-1644,484.07,2024-12-30,"7476 Williams Prairie Apt. 418, Ryanview, IL 05124"
912,339,P-4129,156.44,2024-08-29,"2388 Schmidt Pass Suite 656, North Jamie, TN 07377"
913,200,P-2749,318.99,2025-04-22,"011 Angela Branch, Timothyshire, KY 87717"
914,184,P-8970,51.57,2025-12-24,"PSC 1990, Box 3803, APO AA 16393"
915,324,P-8175,370.3,2025-12-29,"382 Parker Radial Apt. 479, West Jesusmouth, DC 74005"
916,72,P-1584,104.61,2024-12-13,"673 Lori Isle, East Diane, MO 65175"
917,369,P-4907,249.71,2024-06-27,"865 Barker Drive Apt. 582, New Rebecca, VT 70823"
918,33,P-9856,325.26,2026-04-11,"323 Clark Mews, Ronaldport, TX 55866"
919,256,P-9748,482.82,2025-06-11,"096 Nguyen Plaza Apt. 744, Mariahfort, MA 19710"
920,416,P-8361,483.61,2024-08-19,"75559 Sandra Squares, Hillmouth, KY 11902"
921,9,P-1606,176.24,2026-05-29,"626 Morris Crest Apt. 997, Scottbury, KY 80864"
922,173,P-1701,208.69,2025-04-14,"6419 Alexander Rapid, Youngtown, PW 07031"
923,109,P-9570,234.59,2025-08-09,"16301 Johnston Run, East Sandra, FL 17049"
924,348,P-9791,82.98,2025-07-10,"9276 Tran Port, Ryanton, CO 83570"
925,297,P-4817,463.15,2026-03-23,"Unit 4033 Box 4801, DPO AA 29228"
926,19,P-3319,249.55,2025-05-08,"7155 Nelson Brook Suite 392, Williamschester, NM 35539"
927,10,P-8720,454.51,2026-05-03,"272 Crystal Summit Apt. 649, North Carolberg, VT 70062"
928,317,P-1750,128.9,2026-02-12,"285 George Corner Suite 538, Port Andrew, NM 60006"
929,333,P-3138,17.03,2025-02-25,"26264 Sherri Land, Woodshaven, KY 38324"
930,324,P-1818,453.27,2025-12-21,"5199 Catherine Circles, Webbstad, CA 20578"
931,421,P-2594,233.52,2025-08-14,"49253 Ruben Harbor Apt. 838, Elizabethfort, KY 58169"
932,88,P-2047,410.71,2025-05-13,"070 Nguyen Stream Suite 343, Herrerafort, CT 44578"
933,55,P-2870,253.59,2026-03-12,"09490 Sullivan Square, West Michelle, MI 28092"
934,410,P-4613,40.91,2025-03-12,"01154 Gibson Forks, Christinaview, IA 87429"
935,104,P-7983,175.29,2024-08-13,"PSC 4872, Box 2557, APO AP 44641"
936,428,P-7586,168.87,2025-04-11,"7416 Hutchinson Landing Suite 395, East Michelle, ND 48567"
937,500,P-9943,77.28,2026-05-29,"957 Wall Lake, Lake Rileyton, FL 70087"
938,429,P-4493,384.46,2026-01-08,"62334 Smith Brook, Garciafurt, AS 78213"
939,304,P-3841,174.39,2026-06-20,"7973 Martinez Keys, Ashleyton, NC 93938"
940,62,P-5487,79.2,2024-11-27,"USNV Klein, FPO AA 05361"
941,213,P-3753,351.17,2024-09-19,"01759 Donna Canyon Apt. 706, Armstrongview, OK 04884"
942,284,P-3703,224.93,2025-06-14,"551 Mckee Drives, Lake Laurenshire, AS 31479"
943,474,P-1666,75.34,2025-10-20,"6353 Tucker Garden Suite 589, Williamston, NH 17289"
944,406,P-7162,391.04,2024-09-27,"33513 Charles Field Apt. 974, South Cynthia, RI 30216"
945,9,P-8978,49.54,2025-05-03,"7967 Stephanie Grove, East Janetown, TN 07257"
946,4,P-3939,463.8,2026-04-21,"6582 Holloway Passage, Port Matthew, TN 54906"
947,362,P-5648,213.94,2024-12-12,"128 Patterson Prairie Apt. 122, Port Leah, CA 35084"
948,414,P-8798,349.25,2025-09-23,"1197 Megan Valleys, Phillipmouth, NV 35117"
949,106,P-3344,323.5,2025-09-24,"325 Ramirez Club Apt. 818, Christopherfurt, PW 59502"
950,268,P-8379,211.89,2024-11-06,"Unit 5203 Box 8819, DPO AE 58770"
951,481,P-3859,309.15,2026-02-24,"84714 Lambert Expressway Apt. 148, East John, KY 08321"
952,20,P-3949,361.42,2026-04-10,"83603 William Wells Suite 477, Lake Ashleychester, TN 87665"
953,314,P-2442,317.31,2025-06-10,"6295 Timothy Shoal, Barkerland, SC 55031"
954,401,P-5934,180.44,2024-11-04,"48886 Diane Cove, Cervantesbury, AZ 30147"
955,3,P-4860,104.02,2026-03-31,"5649 Mcdonald Coves Apt. 605, New Erin, MS 33291"
956,272,P-2567,313.26,2026-01-24,"034 Matthew Shore Apt. 970, New Chadstad, OH 75719"
957,442,P-9842,258.68,2024-09-02,"670 Ramirez Crest, Sandraland, PA 33133"
958,238,P-4409,145.44,2025-10-01,"2602 Daniel Ports, New Jeanmouth, MN 36722"
959,100,P-2846,400.33,2025-07-03,"58384 Faith Road, North Rickymouth, IA 43266"
960,351,P-8772,253.77,2026-03-06,"6935 Anthony Estates Apt. 401, New John, CO 75389"
961,82,P-1706,36.46,2025-02-18,"903 Morton Wall Suite 177, Port Toddtown, ID 04781"
962,187,P-5670,112.69,2025-03-01,"412 Kent Square, Smithland, MO 33710"
963,129,P-6477,312.23,2025-07-22,"37684 Katelyn Motorway Suite 776, North Paulbury, ME 43046"
964,456,P-8424,31.22,2026-05-11,"317 Bradley Fork Apt. 496, Cookfort, MH 35107"
965,380,P-1859,463.17,2026-06-19,"8480 Haynes Mill, Port Dave, CO 45647"
966,91,P-3589,394.88,2025-03-31,"70799 Roth Stravenue Suite 761, North Brettshire, NJ 51908"
967,249,P-9436,66.86,2025-02-01,"565 Hernandez Port Suite 226, West William, KY 89669"
968,459,P-4855,363.48,2024-07-10,"846 Harmon Branch, Grayshire, VA 78811"
969,304,P-6340,215.33,2024-11-02,"38268 Johnson Trafficway Suite 777, Taylorborough, OK 74556"
970,383,P-6336,122.72,2026-04-05,"77927 Elizabeth Corner Apt. 735, East Angelachester, HI 25068"
971,57,P-6343,121.6,2025-10-17,"3233 Brett Divide, New Bridget, IN 33561"
972,122,P-7759,436.23,2025-01-12,"069 Zimmerman Springs Apt. 695, East Matthew, ND 51853"
973,193,P-4615,46.02,2025-02-13,"28537 Antonio Light Suite 488, Justinfort, WI 45149"
974,300,P-8936,36.62,2024-12-18,"2554 Alyssa Avenue, Johnmouth, MT 40174"
975,224,P-3374,115.91,2026-06-01,"8688 Stephens Burgs, North Jeremy, OR 17548"
976,313,P-8454,97.24,2024-10-23,"0195 Brandt Fords, New Lisa, OK 69246"
977,192,P-3234,234.28,2026-01-10,"14249 Robles Extensions Apt. 796, Kevinchester, AL 31231"
978,100,P-6875,488.01,2024-11-11,"0051 Harold Oval, Matthewland, FL 03280"
979,104,P-6503,72.32,2024-10-07,"75454 Raymond Pines, Harveyland, AR 35767"
980,355,P-1977,147.49,2025-04-14,"0152 Becker Ports Suite 442, East Mindyfurt, AR 63583"
981,57,P-8627,234.69,2025-07-17,"833 Ashley Landing Suite 238, South Amanda, SD 01872"
982,88,P-6629,117.72,2025-04-29,"7923 Richard Club Suite 858, New Cynthiatown, CT 48339"
983,152,P-3568,396.87,2024-07-24,"9720 Michael Ports Apt. 018, New Jennifer, MI 17059"
984,327,P-3784,293.27,2024-12-13,"49379 Wagner Ramp Apt. 585, Lisaland, NE 28158"
985,284,P-4763,52.36,2026-01-29,"9207 Rivas Mount, Heatherville, WY 41103"
986,439,P-9548,249.7,2026-04-21,"96262 Burke Path Apt. 124, Lunabury, WV 85142"
987,111,P-8757,420.11,2025-05-05,"44343 Heath Road Suite 872, Coxville, MA 53729"
988,143,P-1237,367.7,2025-12-24,"029 Kathryn Fork, Sarahtown, SD 39406"
989,377,P-5041,131.43,2024-09-21,"00940 Robert Knoll Suite 376, West Natasha, MO 50563"
990,223,P-4643,446.98,2025-11-11,"Unit 2254 Box 9203, DPO AA 79091"
991,303,P-3440,457.73,2024-12-07,"401 Hernandez Garden, Lake Danielmouth, HI 24392"
992,460,P-1083,214.7,2025-04-07,"PSC 4756, Box 9001, APO AP 35352"
993,23,P-1656,495.71,2024-09-22,"59847 Martin Ports, Port Laura, WV 85354"
994,376,P-9261,26.46,2025-12-31,"771 Wright Ranch Apt. 226, Lake Kevin, VA 31470"
995,272,P-7460,244.83,2025-04-12,"99090 Ryan Ville, Russellport, ME 19591"
996,409,P-2605,231.69,2025-05-18,"4042 David River Suite 920, Ramosstad, AS 35581"
997,124,P-2361,283.65,2026-05-14,"3969 Joshua Walk, Lake Kimberly, OR 24516"
998,7,P-7662,475.46,2026-01-21,"783 Bryant Gateway, East Johnfort, IN 36838"
999,68,P-6872,154.93,2025-02-25,"23641 Elijah Trace, Mahoneytown, SC 75219"
1000,332,P-2486,17.8,2025-07-20,"03350 Moon Locks Apt. 232, Codytown, NM 93391"
1001,343,P-5994,89.27,2024-08-26,"USNV Ferguson, FPO AA 07597"
1002,236,P-1399,488.44,2026-01-30,"USNV Walters, FPO AP 07359"
1003,238,P-3271,438.35,2025-01-07,"6411 Nathan Landing Apt. 253, South Kelliland, OR 12445"
1004,208,P-4030,397.02,2026-03-01,"53494 Christina Well Suite 157, Michaelville, MH 51924"
1005,190,P-8607,354.9,2025-05-03,"6306 Julie Dale, Lake Elizabethside, TN 48300"
1006,1,P-2158,198.58,2026-04-04,"2007 Ayers Island, West Ericmouth, PA 74212"
1007,354,P-6454,270.14,2025-10-17,"697 Wiley Inlet Apt. 360, Lake Kathyton, CT 06285"
1008,152,P-7977,378.91,2024-08-18,"103 Todd Passage Apt. 893, West Laurenfurt, TN 15519"
1009,358,P-9887,291.85,2025-03-31,"8785 Alison Spur, Sarahton, MI 82776"
1010,107,P-2326,314.01,2024-07-17,"8826 Thompson Bypass Apt. 727, Port Aaron, SC 73111"
1011,172,P-1898,262.21,2024-09-12,"2373 Fisher Brook Suite 830, North Kayla, PA 58624"
1012,466,P-6963,445.1,2026-05-19,"45498 Robert Common Suite 674, South Nicholashaven, VA 55270"
1013,57,P-7274,189.13,2025-05-16,"1164 Jordan Keys Suite 634, Port Christopher, AR 82528"
1014,317,P-1669,189.12,2025-10-14,"02585 Rivera Turnpike, East Kaylee, VT 62998"
1015,90,P-2097,284.76,2025-06-09,"67871 Mary Coves, Justinfort, TX 20646"
1016,397,P-4354,77.81,2024-07-01,"025 Rogers Burg Apt. 549, New Victoriaton, TN 74371"
1017,172,P-4909,274.41,2025-08-24,"767 Abigail Neck, West Nicholas, MO 28623"
1018,333,P-8839,371.31,2024-07-01,"83000 Kelly Island Apt. 949, North Travis, VT 36936"
1019,386,P-4437,379.05,2024-09-07,"Unit 9654 Box 6628, DPO AP 65582"
1020,390,P-4693,167.02,2025-11-10,"25275 Brown Expressway Apt. 302, West Benjamin, MS 97960"
1021,460,P-5380,256.74,2025-05-30,"51589 Margaret Cove, Port Michelle, FM 02070"
1022,217,P-5540,36.68,2025-02-23,"81239 Tony Plaza Suite 479, New Angelaborough, MT 11366"
1023,191,P-6656,231.67,2025-02-15,"444 Alexis Estate Suite 824, Leeland, IA 60989"
1024,257,P-9629,416.47,2024-12-10,"31180 Omar Light Apt. 419, Lake Audrey, AL 50732"
1025,241,P-9714,342.36,2024-08-23,"911 Jessica Vista, Huberberg, FM 40317"
1026,273,P-5788,231.46,2025-12-04,"1034 Juan Flat, New Daleside, SC 14075"
1027,189,P-2075,102.28,2025-02-05,"USNV Dorsey, FPO AP 92758"
1028,453,P-8501,52.77,2024-12-08,"9044 Johnson Lake, Smithview, WY 06761"
1029,201,P-3929,151.29,2026-02-01,"PSC 7148, Box 7831, APO AE 26444"
1030,490,P-2260,63.58,2024-09-06,"4572 Stephen Shore Suite 940, Swansontown, IN 28654"
1031,142,P-2835,351.56,2026-03-11,"USNV Scott, FPO AP 76604"
1032,255,P-3465,438.74,2025-09-13,"Unit 7093 Box 3913, DPO AA 98515"
1033,267,P-1371,153.64,2026-05-31,"64106 Jeffrey Meadow, Bellland, UT 85160"
1034,497,P-9870,466.53,2025-08-02,"10108 Schneider Hill Suite 125, South Benjamin, LA 03295"
1035,243,P-6680,215.85,2024-08-05,"9486 Hicks Path Apt. 703, Mortontown, AR 60269"
1036,378,P-1351,152.83,2026-01-26,"7375 Larson Valleys, Port Veronica, AZ 58716"
1037,33,P-1361,437.17,2025-07-12,"1960 Joshua Burg, North Joseph, LA 11790"
1038,119,P-9513,325.88,2026-05-13,"674 Jesse Shores Suite 965, Shelbybury, OK 14774"
1039,211,P-6616,331.31,2025-06-07,"353 Nancy Throughway, West Christinashire, OR 24108"
1040,403,P-6346,248.2,2025-03-30,"61977 Dale Motorway Apt. 946, West William, VT 95236"
1041,341,P-9686,422.52,2024-10-11,"PSC 8586, Box 5392, APO AA 86858"
1042,228,P-8503,158.99,2026-02-05,"1349 Kylie Track, Loweryfurt, NV 04875"
1043,68,P-6021,94.14,2025-05-02,"3579 David Stravenue, South Derektown, MO 91921"
1044,134,P-4715,247.27,2026-02-05,"4646 Lori Place, Smithport, TN 82865"
1045,498,P-5720,387.17,2025-10-07,"93427 Jennifer Locks, Mckayshire, FL 47964"
1046,25,P-3430,183.02,2025-02-12,"0926 Adrian Shores, Port Susanville, TN 98784"
1047,234,P-3725,313.12,2024-08-01,"61973 French Trail Apt. 213, North Emilyside, NY 18842"
1048,83,P-9770,149.76,2025-10-13,"699 Kathryn Spur Suite 723, North Bryan, TN 34894"
1049,499,P-3873,421.26,2025-07-13,"365 Hardy Cliff Apt. 218, East Andrew, IL 98890"
1050,355,P-3514,89.0,2024-08-20,"1761 Maria Drives Apt. 641, Lawsonchester, NY 25309"
1051,60,P-1674,496.94,2025-02-08,"7640 Dylan Tunnel, Lake Ashleybury, TN 24052"
1052,295,P-3072,226.03,2026-06-06,"671 Oscar Rapids, South Brandy, PA 82370"
1053,190,P-4022,110.52,2025-08-10,"52964 Turner Pike, Kathleenbury, AS 98410"
1054,363,P-1568,336.11,2025-09-25,"111 Logan Forges Apt. 064, New Jasminetown, MD 74154"
1055,177,P-3423,192.72,2025-06-22,"5906 Kimberly Pines Suite 902, Barbaraberg, AK 93986"
1056,277,P-3663,271.48,2025-12-07,"USNS Mcdonald, FPO AE 54562"
1057,63,P-1408,208.23,2024-10-30,"0323 Hicks Cliffs Apt. 295, Dianeshire, OK 64687"
1058,256,P-3381,474.41,2025-05-30,"395 Farrell Island Suite 192, Jenniferview, TX 11686"
1059,476,P-6246,86.46,2024-08-14,"7038 Hernandez Knoll, Rosariomouth, VI 57004"
1060,497,P-9948,488.03,2024-09-06,"233 Laura Plains Apt. 563, Lake Stacieberg, OK 22275"
1061,170,P-5842,242.21,2025-09-24,"Unit 8287 Box 3210, DPO AA 90016"
1062,149,P-3409,401.78,2025-11-27,"73654 Hernandez Alley, Andersonland, RI 59377"
1063,374,P-8243,175.95,2026-03-01,"741 Maldonado Estates, Austinchester, WV 27939"
1064,58,P-8847,451.08,2025-09-24,"555 Gabrielle Brook, West Nicoleton, NY 15551"
1065,72,P-2914,160.95,2025-09-17,"226 Jared Causeway Apt. 360, Taylorbury, MD 05519"
1066,206,P-4610,228.52,2024-10-12,"34243 Rivera Ford, South Katrinaberg, PR 73934"
1067,48,P-6347,36.96,2024-07-14,"631 Larsen Tunnel Suite 968, Acostaport, AL 33102"
1068,329,P-4197,295.87,2024-11-19,"4106 Ryan Greens Suite 008, Kellymouth, OH 04101"
1069,114,P-5553,105.89,2024-09-02,"6429 Greer Extension, New Davidville, DE 47511"
1070,43,P-9821,426.22,2024-06-26,"961 David Villages Apt. 552, Lake Francisco, TN 72941"
1071,347,P-2431,488.15,2026-05-06,"7435 Singh Squares, Tylerfurt, HI 45047"
1072,202,P-4185,250.32,2025-12-19,"11152 Flores Spur Suite 277, South Billy, CO 58846"
1073,309,P-9381,472.26,2025-01-10,"45880 Wilson Plains, Jonesport, GU 17703"
1074,466,P-6915,204.79,2024-10-30,"Unit 3554 Box 5920, DPO AA 97029"
1075,367,P-8006,191.11,2026-01-23,"7799 Daniel Field Suite 983, Lake Kevinmouth, NH 54460"
1076,191,P-1199,149.47,2026-06-02,"1160 Faulkner Ports Suite 015, East Darren, IL 26901"
1077,180,P-6047,488.98,2025-03-25,"08347 Becker Cliffs Apt. 898, North Gloria, PW 65492"
1078,448,P-2435,115.68,2025-01-13,"PSC 1399, Box 7992, APO AA 14280"
1079,455,P-8278,373.34,2025-09-28,"USCGC Donovan, FPO AE 28189"
1080,213,P-8249,151.42,2025-07-07,"85898 Hunt Cove Suite 397, Hortonton, VT 75011"
1081,413,P-7944,367.01,2024-06-28,"9499 Casey Island, Suttonview, VI 41094"
1082,213,P-3286,419.39,2025-01-10,"6926 Paul Trail, Justinbury, ME 59735"
1083,307,P-2410,80.37,2026-02-18,"Unit 1604 Box 3598, DPO AE 80615"
1084,156,P-8776,494.3,2025-07-03,"USS Murray, FPO AP 92781"
1085,269,P-6495,42.39,2026-01-15,"Unit 5857 Box 8375, DPO AA 87794"
1086,492,P-7156,53.33,2026-06-12,"8434 Tracy Square Apt. 071, Owensfurt, CT 90427"
1087,210,P-5478,213.1,2025-09-30,"078 Paul Estate, East James, VT 66174"
1088,285,P-8571,358.01,2025-02-12,"9995 Stephanie Isle, Lake Jacobland, WV 18620"
1089,387,P-3243,107.63,2026-05-02,"3273 Benson Station Suite 149, Mooreton, ID 18805"
1090,427,P-7254,151.83,2026-05-31,"1469 Mercado Prairie Apt. 555, Heatherton, PW 20004"
1091,252,P-1691,413.16,2024-07-18,"1364 Giles Turnpike Suite 947, Rodriguezburgh, CT 72723"
1092,155,P-5979,252.1,2025-08-08,"PSC 9127, Box 0650, APO AA 96831"
1093,379,P-8593,120.0,2025-04-14,"PSC 2283, Box 0564, APO AA 55452"
1094,406,P-1040,85.46,2025-08-03,"5555 Williams Lodge, Lake Marvin, AL 66000"
1095,154,P-8742,70.84,2025-06-21,"32763 Jose View Suite 008, Lake Judy, IA 52970"
1096,341,P-5713,214.4,2025-08-09,"9022 Bryan Mills, Stacytown, MO 14156"
1097,252,P-5009,23.93,2025-05-22,"701 Gregory Extensions Apt. 039, West Kyle, AZ 60413"
1098,392,P-5541,251.58,2025-05-07,"62183 Kari Viaduct, New Jessica, PR 10012"
1099,497,P-2093,303.45,2025-12-15,"921 Melissa Fork Apt. 712, South Bobby, AR 73799"
1100,186,P-8872,287.12,2024-09-22,"774 Shawn Center, Justinside, MD 64856"
1101,445,P-5225,317.71,2025-12-11,"82063 Erik Shore Apt. 126, West Jonathanchester, MN 66465"
1102,244,P-2959,192.86,2025-08-19,"6096 Deborah Village Suite 724, Gregorymouth, IL 59882"
1103,376,P-1287,424.18,2025-07-29,"8840 Smith Square Suite 657, Elliston, NE 11827"
1104,84,P-1958,81.6,2024-10-04,"84268 Laura Dale Apt. 616, Davidtown, AL 45275"
1105,237,P-3219,185.11,2024-11-12,"56688 Laura Club Suite 647, Cynthiaberg, NH 76867"
1106,28,P-5467,186.96,2025-07-09,"PSC 2428, Box 5354, APO AE 52786"
1107,326,P-6832,33.86,2026-01-21,"848 Alexa Alley, South Aaronhaven, WI 95388"
1108,150,P-9677,323.07,2025-11-04,"2077 Jenny Centers, Wilcoxton, LA 30134"
1109,40,P-9419,104.96,2024-12-03,"Unit 9579 Box 6724, DPO AA 11411"
1110,322,P-4002,384.69,2025-10-24,"09007 Lisa Parks, Anthonyburgh, AL 49289"
1111,307,P-3738,276.41,2024-07-27,"723 Antonio Bridge Apt. 975, Adamsmouth, TX 91310"
1112,447,P-6180,415.13,2025-10-13,"396 Larson Summit Suite 442, Edwardview, TN 85494"
1113,351,P-5932,143.0,2024-10-21,"1537 Williams Underpass Suite 133, Pinedabury, VI 58715"
1114,358,P-6939,56.95,2026-01-20,"997 Ferguson Summit Suite 085, Tylerland, AS 60506"
1115,297,P-6761,413.41,2025-01-28,"496 Joshua Radial Apt. 803, Wesleyburgh, LA 96769"
1116,7,P-3243,263.89,2024-07-24,"5099 Clark Green Suite 352, Doyleville, CT 15778"
1117,191,P-8944,211.87,2024-08-27,"USNV Owen, FPO AE 70523"
1118,472,P-3671,60.17,2024-12-21,"321 Michael Ports Suite 183, Port Donnaborough, SD 36545"
1119,80,P-9247,118.34,2025-11-10,"22642 Jensen Park, North Matthew, MA 39364"
1120,97,P-9612,424.56,2025-07-26,"192 Melissa Unions Suite 749, Seanfurt, AL 39126"
1121,365,P-2867,214.49,2024-10-27,"78472 Jose Common Suite 275, Port Josephberg, RI 24215"
1122,470,P-2251,67.11,2025-04-27,"889 Lawrence Plains Suite 754, Markview, FM 59734"
1123,68,P-1284,244.95,2025-12-28,"Unit 3401 Box 9293, DPO AA 00928"
1124,160,P-6940,78.11,2025-11-09,"USCGC White, FPO AA 44131"
1125,227,P-9570,384.15,2025-10-20,"6389 Daniel Ville, Mckenziehaven, LA 39115"
1126,176,P-3821,357.84,2025-06-06,"1156 Taylor Curve Apt. 070, Rogersview, NC 04466"
1127,15,P-2943,118.95,2026-03-17,"Unit 1602 Box 2743, DPO AE 07429"
1128,439,P-3332,347.13,2024-11-24,"718 Reid Estates, Kennethstad, MT 25149"
1129,158,P-3053,112.81,2026-03-13,"13807 Angela Oval, South Robertmouth, UT 39666"
1130,41,P-7960,348.49,2025-03-02,"663 Hamilton Station Suite 180, Lake Melissa, TX 68953"
1131,402,P-2830,48.08,2024-10-28,"886 Silva Island, Peterhaven, WV 41154"
1132,397,P-8934,381.08,2024-10-28,"847 Mark Cape, North Elizabeth, MP 88910"
1133,22,P-4217,62.82,2024-10-22,"23203 Duffy Pike Suite 427, Gardnerberg, NE 71486"
1134,407,P-9412,300.65,2025-11-17,"2876 Jennifer Drive, New Victoriafort, NV 74037"
1135,241,P-2948,455.17,2024-12-04,"062 Madison Grove, Lisastad, NJ 32314"
1136,23,P-2085,157.8,2025-02-27,"277 Brian Isle, West Alyssa, VT 77048"
1137,6,P-2581,393.35,2025-05-31,"3228 Cabrera Valleys, Livingstontown, ME 93455"
1138,472,P-4365,297.92,2024-10-19,"5546 Tina Underpass, Staffordmouth, SD 05570"
1139,103,P-4027,338.58,2025-01-22,"815 Walsh Way Suite 673, Skinnermouth, MS 80287"
1140,15,P-2487,81.31,2024-06-29,"USNV Robertson, FPO AA 98297"
1141,383,P-5544,474.9,2025-10-25,"22912 Stephens Isle, Amandamouth, AK 01886"
1142,179,P-6770,88.66,2025-10-16,"94599 Haley Manor, Anthonychester, AK 83886"
1143,257,P-4962,257.4,2025-08-01,"20339 Heather Garden, Davisfurt, FL 71843"
1144,35,P-2623,411.59,2024-12-02,"8108 Stacey Lakes, East Stephen, MP 26417"
1145,391,P-1229,269.12,2025-02-15,"772 Jones Island, Diazchester, TN 81896"
1146,367,P-4138,482.48,2025-03-18,"7595 Cherry Burg Suite 536, New Jennifer, CO 58580"
1147,88,P-9800,12.11,2024-09-13,"83952 Anderson Walk Suite 207, Port Katherine, MO 85712"
1148,372,P-2616,462.86,2025-02-06,"45744 Hernandez Unions, North Kristine, TN 18262"
1149,472,P-9260,427.13,2025-06-03,"3088 Kevin Centers Apt. 532, Port Garyport, FM 37952"
1150,244,P-7004,352.08,2024-06-29,"3409 Davis Union, Port Andreaton, MN 94667"
1151,95,P-8203,340.02,2026-02-19,"599 Jasmine Haven Suite 941, Port Rhonda, IA 20668"
1152,55,P-3963,419.01,2025-02-14,"911 Lauren Streets, West Laurie, VT 48589"
1153,195,P-7948,114.98,2025-06-02,"276 Miller Park Apt. 421, East Anthonyburgh, RI 11814"
1154,117,P-7677,65.28,2026-03-29,"01494 Francisco Pine, New Amyhaven, VT 09706"
1155,161,P-3025,238.28,2025-08-18,"2319 Erica Ways Apt. 821, East Manuel, OH 95798"
1156,267,P-3226,252.94,2026-02-08,"36670 Dickson Station Apt. 710, Lake Amy, OK 12591"
1157,185,P-5723,282.98,2025-09-17,"0501 Jennifer Tunnel Apt. 034, Brittanychester, AK 65131"
1158,21,P-2347,170.77,2024-08-17,"PSC 7650, Box 7752, APO AA 93232"
1159,60,P-7304,148.96,2026-03-12,"63160 Eileen Row, North Deniseton, MD 90944"
1160,308,P-6111,346.64,2025-12-25,"Unit 0399 Box 6306, DPO AA 61011"
1161,431,P-8273,120.67,2024-07-08,"9669 Michelle Dam Apt. 370, South Danielmouth, NC 01667"
1162,209,P-5761,492.62,2026-01-14,"0863 Ian Hills, Port Anthony, WV 53745"
1163,220,P-4093,429.81,2025-02-23,"4888 Cindy Run Apt. 375, Port Beckyburgh, FL 69261"
1164,459,P-8793,470.14,2026-03-06,"585 Kelly Ways, East Christineville, MH 76012"
1165,189,P-3937,16.26,2026-05-20,"8236 Daniels Ford, Gonzalezshire, MP 83719"
1166,346,P-9055,339.32,2024-11-09,"USS Johnson, FPO AP 31353"
1167,203,P-8177,266.09,2025-04-18,"6486 Acevedo Grove Apt. 637, East Benjaminbury, CT 60449"
1168,347,P-2392,68.41,2025-02-20,"6014 Palmer Avenue Apt. 144, West Scottside, DE 93133"
1169,203,P-7563,350.56,2025-02-04,"16861 Kurt Burgs Apt. 611, South Kaitlyn, AK 44127"
1170,53,P-3764,41.7,2025-02-26,"5426 Noah Terrace Suite 377, West Lindsayborough, LA 89191"
1171,500,P-4261,175.92,2025-01-07,"9566 Alan Avenue Apt. 196, East Tyler, FL 29408"
1172,305,P-7623,70.14,2026-05-31,"2173 Yates Fort Suite 095, Smithshire, ID 34401"
1173,430,P-7958,365.34,2024-07-13,"5081 Jacob Unions, Melissatown, IA 36558"
1174,143,P-5472,380.58,2026-02-08,"77006 Lisa Ports Suite 951, Lisastad, KS 37867"
1175,411,P-7557,184.48,2025-09-13,"2175 Anderson Junctions Apt. 800, South Tammyland, SD 59067"
1176,342,P-7626,493.88,2024-11-18,"592 Lawrence Crest Suite 383, South Joshua, VA 67922"
1177,262,P-5569,82.2,2025-09-08,"17078 David Station, Daisymouth, NV 53589"
1178,233,P-2770,69.86,2026-05-18,"49484 Holly Walk, Glennbury, MD 94038"
1179,251,P-9147,123.09,2025-03-05,"372 Marquez Wall, Barrettshire, OH 16844"
1180,483,P-3205,24.55,2025-10-17,"5647 Davis Corner, Zacharyberg, FM 96021"
1181,378,P-1865,416.84,2025-12-06,"89410 Luna Crest Apt. 611, Sarahview, KS 50547"
1182,256,P-1438,486.31,2025-11-24,"830 Cox Hollow, Lake Katrina, VI 64657"
1183,196,P-6356,84.83,2024-11-24,"237 Waller Points Suite 700, Castroville, SC 19772"
1184,319,P-2578,382.47,2025-02-26,"18082 Richard Ports, New Robertfurt, MT 95923"
1185,339,P-9518,386.1,2024-07-06,"383 Stevens Lodge Suite 682, Port Jennifertown, ID 90005"
1186,406,P-8635,108.94,2026-06-17,"0378 Allison Passage, Ellisonchester, WV 76528"
1187,339,P-9157,250.21,2024-12-03,"834 Wheeler Spring, Vasquezport, ND 58206"
1188,134,P-9887,178.36,2026-03-16,"USNS Gilbert, FPO AA 08269"
1189,441,P-9856,277.83,2026-03-07,"6572 Ruiz Lake Suite 198, New Dakota, OR 36080"
1190,488,P-1517,495.44,2025-06-21,"34522 Jacob Fall, Carrbury, AR 28905"
1191,451,P-2951,197.97,2024-09-21,"2573 Alejandro Stravenue Apt. 740, Perezland, NE 67995"
1192,162,P-7165,226.84,2025-02-27,"6751 Matthew Point Apt. 799, North Jenniferstad, MP 28018"
1193,19,P-1538,96.66,2025-04-09,"PSC 6933, Box 2763, APO AE 34300"
1194,338,P-5965,443.49,2024-09-24,"628 Steven Turnpike Apt. 722, Karenborough, CT 05133"
1195,85,P-9052,221.02,2024-12-09,"008 Thomas Fords Suite 037, West Jamesbury, FM 26276"
1196,160,P-7374,248.84,2025-11-03,"456 David Rue, Macdonaldtown, KY 61415"
1197,57,P-9037,333.43,2024-11-29,"176 Fernandez Shoal Suite 455, Kevinberg, CT 48689"
1198,351,P-9837,290.37,2025-06-14,"9264 Marcus Station, Lake Madison, ID 85395"
1199,244,P-3560,258.27,2026-05-31,"Unit 6885 Box 9342, DPO AP 73389"
1200,201,P-5315,252.39,2024-11-24,"97997 Erica Common, Andrewburgh, CT 78339"
1201,498,P-7189,312.29,2025-06-29,"5102 Smith Mews Suite 860, Lucasbury, ME 65278"
1202,181,P-5660,167.03,2025-04-23,"986 Douglas Prairie Suite 910, New Matthew, ME 19720"
1203,15,P-1739,72.81,2026-03-10,"55963 Phillips Ports, Perezview, RI 44648"
1204,188,P-6715,406.67,2026-04-23,"955 Perry Mews, Jamesfort, AR 67812"
1205,299,P-1440,384.94,2025-06-15,"102 Case Light, Walkerburgh, MI 96947"
1206,321,P-6591,196.47,2025-04-03,"223 Hull Mission, Anneland, NE 87995"
1207,220,P-6654,496.04,2025-04-04,"90488 Foster Stream, Lake Scottberg, MT 41073"
1208,211,P-6755,37.65,2025-01-30,"785 Mccoy Harbors, South Victoriaton, WY 81288"
1209,126,P-5056,124.95,2025-10-25,"64581 Justin Terrace Suite 346, Aliport, KS 65218"
1210,160,P-2391,456.08,2026-01-22,"780 Anderson Ports, Lake Martinchester, MI 12019"
1211,34,P-5995,66.08,2025-07-31,"771 Tiffany Harbor Apt. 450, Romeroborough, NY 05819"
1212,87,P-1322,273.81,2025-04-06,"30899 Ramirez Unions, West Sarah, ME 30935"
1213,20,P-8551,332.3,2025-03-10,"12156 Lynn Parkways Suite 108, East Markport, MT 82014"
1214,217,P-9433,451.68,2025-01-20,"037 Green Harbor Suite 691, South Christopherburgh, DE 44807"
1215,137,P-1334,351.01,2024-07-24,"558 Mckinney Station Apt. 900, Davidhaven, PA 29547"
1216,302,P-1364,493.01,2024-11-26,"601 Zachary Island Apt. 029, Kristenfort, ID 68482"
1217,194,P-7394,167.98,2024-06-30,"Unit 0124 Box 5718, DPO AE 49624"
1218,51,P-9001,59.02,2025-08-04,"499 Jake Locks, Barrystad, MA 16336"
1219,346,P-4373,174.61,2025-08-16,"687 Walter Underpass, Jonestown, ND 02004"
1220,258,P-6563,91.64,2025-10-04,"328 Smith Squares, New Robertoberg, OR 29337"
1221,154,P-6952,485.01,2024-11-20,"9522 Anna Wall, Blaketon, GU 28445"
1222,104,P-9142,321.36,2025-06-06,"5885 Moore Mission Suite 806, Rodriguezburgh, MH 54832"
1223,499,P-2234,421.78,2026-01-19,"306 Hahn Meadow, Tracyland, GA 14940"
1224,275,P-4507,150.79,2024-09-16,"112 Nancy Ridges, East Brian, MD 47316"
1225,25,P-5871,498.14,2025-08-22,"206 Jeffrey Turnpike Suite 596, Port Andrewshire, VT 51213"
1226,206,P-4700,316.03,2025-09-27,"045 Maurice Corners Apt. 203, Smithville, MO 36425"
1227,491,P-2506,361.67,2026-01-10,"USS King, FPO AP 53856"
1228,297,P-2552,300.0,2026-02-25,"971 Johnson Trail, West Roger, MD 35053"
1229,140,P-2102,287.54,2025-01-13,"0958 Robert Curve, Bakerfurt, NE 78373"
1230,272,P-8786,219.27,2025-08-03,"074 Charlene Harbor Apt. 429, West Christinemouth, VI 85768"
1231,178,P-2256,329.24,2025-05-11,"84766 Natalie Valley Suite 301, Hurleyport, NM 18717"
1232,155,P-9268,404.01,2025-07-10,"4685 Dennis Tunnel, Andersonmouth, MS 11616"
1233,222,P-9846,163.53,2024-09-18,"866 Katrina Inlet, West Lindsey, MO 72379"
1234,213,P-7591,133.11,2025-08-30,"0165 Moore Parks Suite 402, West Lydiafort, DC 27538"
1235,264,P-8425,339.05,2024-08-24,"USNV Hernandez, FPO AE 27118"
1236,281,P-3958,441.63,2025-02-25,"08589 Greene Wells Apt. 721, Stephanieton, MA 20187"
1237,322,P-9457,432.72,2024-06-28,"3131 Watson Loop, West Cheyennebury, LA 87517"
1238,296,P-9178,114.34,2024-10-09,"91294 Small Fork, Port Lisaland, KY 04560"
1239,493,P-8656,141.28,2026-02-02,"343 Liu Orchard Apt. 402, North Ronaldhaven, FL 30396"
1240,327,P-9728,406.37,2024-08-28,"100 Hernandez Inlet, South Maurice, NH 68569"
1241,437,P-8106,467.96,2026-01-07,"55877 Parsons Ways Suite 263, Wayneside, FL 26115"
1242,373,P-1981,265.9,2025-12-21,"Unit 2544 Box 2253, DPO AA 15804"
1243,187,P-8577,82.38,2024-08-10,"050 Johnathan Lakes, New Jill, HI 67450"
1244,78,P-5919,423.61,2026-05-26,"6766 Erickson Place Apt. 887, Manuelhaven, NV 10859"
1245,211,P-6220,431.48,2025-12-02,"3136 Munoz Cove Suite 262, Lake Dianafort, MP 39237"
1246,467,P-2055,320.61,2025-11-24,"USNV Tyler, FPO AA 29319"
1247,434,P-7757,140.79,2024-06-24,"1445 Brittany Ways, Velazquezstad, VT 60972"
1248,147,P-3631,135.65,2025-02-04,"USNS Jones, FPO AP 63261"
1249,308,P-4868,208.86,2024-08-31,"33497 Cindy Ville Suite 010, Lake Jamieport, IN 39100"
1250,59,P-3456,104.03,2025-01-28,"858 Sims Street Apt. 786, Lake Wendyberg, DE 48520"
1251,126,P-6087,237.43,2025-08-14,"76382 Leach Prairie Apt. 331, East Jacob, VI 79417"
1252,287,P-8145,216.78,2025-02-12,"47314 Lauren Point Suite 477, Scottmouth, AK 29491"
1253,464,P-1606,108.97,2025-04-12,"0076 Fernando Plaza Apt. 128, North Bianca, IL 66488"
1254,140,P-3235,24.27,2025-04-21,"USNS Castillo, FPO AA 58220"
1255,405,P-5551,332.74,2024-09-27,"330 Bowen Lake, Hudsonton, MH 53230"
1256,91,P-1691,482.25,2025-04-11,"Unit 0485 Box 3123, DPO AA 86147"
1257,249,P-1326,37.1,2026-04-21,"498 Daniel Pike Suite 651, West Howard, AK 51461"
1258,460,P-2375,163.8,2025-12-21,"0483 King Pines, North Hannahmouth, OR 46325"
1259,153,P-2041,451.27,2026-04-29,"421 Victor Throughway Apt. 136, Lake Phillip, OK 65584"
1260,209,P-6954,339.11,2024-10-29,"777 Bradley Lake Suite 134, South Jonathanland, OR 45857"
1261,454,P-2479,204.47,2024-11-29,"842 Buchanan Walk, East James, PA 02203"
1262,430,P-3302,125.65,2025-10-31,"50011 Jeffrey Coves Suite 480, Justinborough, MT 33415"
1263,293,P-9196,467.13,2025-06-22,"9901 Michelle Pine, Davisfurt, WI 33280"
1264,268,P-9605,133.38,2026-02-15,"9915 Walker Shore, South Shawnshire, MS 61028"
1265,453,P-2478,126.65,2025-10-22,"96102 Stephen Meadows, Jeffreyburgh, AR 48189"
1266,63,P-6134,171.34,2025-06-29,"45971 Cox Springs Suite 932, Owensville, DE 89799"
1267,300,P-7388,404.85,2025-02-22,"7326 Lisa Radial, Romerochester, NY 72829"
1268,381,P-4865,468.39,2025-11-06,"08597 Shelly Parkway Suite 794, Lake Ruth, PR 54335"
1269,112,P-3363,62.33,2025-01-08,"63276 Barrett Unions, Brookeview, WA 44381"
1270,110,P-5498,225.33,2025-07-05,"9494 Garner Keys Suite 347, Michelleton, VT 84193"
1271,131,P-1916,250.27,2024-09-24,"77290 Shelton Summit Suite 539, Marvintown, IA 58294"
1272,192,P-2850,165.07,2026-01-31,"8053 James Place, Sarashire, ID 24949"
1273,217,P-8780,344.53,2025-12-01,"648 Heather Harbor Apt. 737, North Tammy, FM 36524"
1274,494,P-5550,440.91,2024-08-24,"24051 Leah Divide Suite 583, Welchchester, IL 26989"
1275,480,P-3374,187.86,2026-04-04,"PSC 7464, Box 6603, APO AE 18391"
1276,367,P-7025,412.46,2026-04-13,"1592 Jeanne Trace Suite 101, East Courtneychester, AZ 63800"
1277,11,P-1570,422.31,2026-01-30,"64849 Alvarez Roads Suite 383, Port Mary, NE 11929"
1278,340,P-1895,348.42,2024-12-31,"5478 Melissa Brooks Suite 260, Port Tanner, VA 53386"
1279,404,P-4926,133.95,2026-03-13,"0718 Shelly Rapid Apt. 361, New Daniel, ID 64986"
1280,197,P-6067,323.08,2025-05-25,"133 Jenkins Parkway Suite 058, South Bethton, SC 99307"
1281,359,P-6945,452.54,2025-04-13,"64070 Rose Trace, Scottview, NY 26227"
1282,351,P-2999,272.1,2026-01-31,"3654 Miranda Wells Suite 927, New Brian, AL 25292"
1283,122,P-8248,200.34,2024-09-16,"643 Ronnie Summit, Juliehaven, MP 35494"
1284,466,P-7438,464.47,2026-05-16,"Unit 0889 Box 5930, DPO AE 24905"
1285,470,P-5186,157.43,2026-06-02,"0526 David Lake Apt. 302, Jamesbury, AK 79196"
1286,480,P-4857,155.73,2026-02-13,"6540 Anthony Ranch, Port Michaelton, AS 24094"
1287,441,P-3625,458.78,2025-11-02,"12953 Angela Islands, North Kellyborough, CO 87572"
1288,324,P-6196,440.93,2026-05-15,"682 Kevin Well, Port Heathershire, IA 07829"
1289,393,P-7656,396.76,2026-04-17,"738 Ramos Views Suite 973, West Mariah, MA 84136"
1290,141,P-2312,413.36,2025-11-01,"1827 Michele Field, South Sarah, PR 17737"
1291,482,P-9055,240.82,2025-08-25,"525 Lucas Spur, Schroederhaven, TN 95373"
1292,212,P-6451,361.51,2024-08-18,"PSC 9030, Box 8196, APO AP 95753"
1293,449,P-2644,413.95,2026-03-07,"8761 Smith Station Suite 884, Lake Megantown, NY 75488"
1294,358,P-5275,258.09,2024-09-29,"403 Johnson Vista Suite 955, Carolynborough, MN 44100"
1295,181,P-7895,305.03,2025-06-28,"227 Parsons Hills, Saundersmouth, SC 65598"
1296,417,P-9973,371.5,2026-05-05,"4123 Hernandez Heights, South Caitlyn, RI 05552"
1297,233,P-1448,383.36,2024-07-04,"5948 Carroll Street Suite 741, Simmonsborough, TX 74378"
1298,329,P-4010,318.77,2025-02-26,"25593 Valenzuela Extension Suite 674, South Kevinberg, PW 20560"
1299,406,P-3229,11.5,2025-06-15,"3145 Heather Flats Suite 170, West Justinstad, MA 73335"
1300,103,P-6006,163.71,2024-12-14,"556 Susan Manors Apt. 357, Perryton, OH 80816"
1301,43,P-2815,87.32,2025-03-09,"86043 Thomas Land, Erinside, MD 21298"
1302,265,P-3131,425.0,2024-08-29,"336 Eaton Tunnel Apt. 160, Debbietown, CO 04880"
1303,352,P-7722,398.38,2025-03-18,"111 Randall Extensions, East Richardton, AZ 80597"
1304,164,P-8397,244.39,2025-11-21,"396 Vincent Canyon, North Elizabeth, FM 31460"
1305,377,P-3187,137.72,2025-07-24,"188 Allison Haven, Stonechester, WI 59851"
1306,352,P-6367,401.76,2025-05-03,"08348 Jacob Ferry Suite 647, Eduardochester, ME 36521"
1307,102,P-2382,213.09,2026-03-04,"279 Russell Mills, Aprilside, NJ 58648"
1308,94,P-7447,439.42,2026-02-14,"6871 Randolph Glens, Ochoaborough, WY 75085"
1309,484,P-4677,20.15,2025-09-15,"5664 James Harbors, East Courtneyshire, WV 01957"
1310,12,P-4747,454.34,2026-03-03,"USCGC Adams, FPO AP 51435"
1311,499,P-8576,107.14,2025-04-03,"82292 Elizabeth Run, West Patrick, NM 18506"
1312,360,P-3764,34.38,2024-11-04,"37840 Lowe Circles Apt. 867, Jasminehaven, MD 65482"
1313,317,P-8027,304.18,2025-06-23,"5965 Bates Run Suite 786, North Oliviamouth, CA 96807"
1314,77,P-2459,479.43,2024-09-26,"644 Lewis Mall Apt. 270, Robertview, NE 47048"
1315,88,P-2922,16.91,2024-11-09,"00421 Ramos Motorway Apt. 520, West Christopher, OK 12649"
1316,270,P-8129,388.94,2025-08-13,"6513 Leslie Walk, Brandonland, SC 34987"
1317,476,P-8433,415.35,2026-06-14,"PSC 2987, Box 6632, APO AA 88531"
1318,254,P-2941,119.99,2025-08-28,"33810 Williams Summit Apt. 700, Edwardland, NC 35532"
1319,105,P-4121,473.56,2025-03-04,"PSC 4965, Box 9905, APO AE 62508"
1320,417,P-5361,151.09,2024-07-05,"14358 Bradley Ways Apt. 775, East Billyland, AL 78533"
1321,254,P-7259,73.79,2025-12-23,"PSC 2168, Box 9745, APO AE 60781"
1322,439,P-4385,304.03,2024-09-10,"Unit 3204 Box 3192, DPO AA 37463"
1323,422,P-5636,366.08,2024-12-20,"6560 Jeffrey Locks Apt. 655, South Kathrynview, NH 43212"
1324,97,P-7853,98.37,2025-02-19,"03670 Shawn Island Apt. 005, Pierceton, NE 76397"
1325,406,P-3391,24.09,2024-06-24,"21816 Kane Rapid, Port Henry, IA 48339"
1326,500,P-5289,125.38,2026-01-27,"305 Moreno Street, Tanyachester, MA 62508"
1327,231,P-5068,191.11,2026-02-09,"PSC 9432, Box 1830, APO AE 36075"
1328,351,P-8506,52.0,2024-10-29,"855 Ashley Divide Apt. 411, Jenniferside, NY 04797"
1329,241,P-3182,437.0,2026-01-12,"46533 Harris Freeway, West Timothystad, UT 40170"
1330,499,P-7513,346.55,2024-11-10,"98416 Hall Mission, Lake Deborahville, WY 61111"
1331,366,P-7283,357.13,2024-06-29,"Unit 4701 Box 2592, DPO AP 89624"
1332,377,P-5198,45.79,2026-02-22,"971 May Vista, Oscarville, NH 50123"
1333,286,P-1962,35.53,2025-09-07,"173 Anthony Squares Apt. 055, Port Nicholasside, ID 32921"
1334,477,P-4847,240.75,2025-11-28,"4708 Sharp Cape, Bellport, VI 47024"
1335,182,P-1745,12.62,2026-02-17,"Unit 5935 Box 7076, DPO AA 01380"
1336,259,P-7241,158.22,2025-08-17,"8562 Shannon Prairie, South Anthony, DC 83283"
1337,203,P-7076,74.79,2025-10-15,"86801 Veronica Turnpike, South Mary, OR 85613"
1338,457,P-1673,294.43,2024-08-10,"170 Monica Dale, Vaughnburgh, NC 03662"
1339,134,P-3783,256.83,2025-02-28,"7701 Lambert Mountain Apt. 682, North Annachester, SD 86489"
1340,477,P-6557,440.16,2026-01-07,"6077 Cynthia Ranch Suite 691, East Benjamin, VI 16246"
1341,68,P-2468,165.48,2026-06-01,"974 Michael Causeway, Kellychester, NH 98412"
1342,272,P-8093,79.47,2025-01-02,"735 Andrea Street Apt. 774, Acevedoport, NM 59631"
1343,60,P-6132,31.63,2025-09-08,"843 Nathan Rapids Suite 125, Port Barry, CO 80669"
1344,66,P-9179,437.11,2024-11-15,"9126 Rodriguez Corners Suite 993, West John, AZ 28404"
1345,428,P-5603,376.42,2025-09-23,"305 Moreno Passage Suite 533, Meganburgh, NE 90881"
1346,475,P-8046,148.62,2024-10-25,"747 Daniel Point Apt. 699, West Julie, DE 59753"
1347,449,P-5312,310.33,2024-12-07,"Unit 2293 Box 1778, DPO AA 44494"
1348,390,P-5321,263.31,2026-04-15,"475 Leslie Orchard, Hardyshire, CO 60621"
1349,224,P-3703,164.61,2025-01-27,"434 Clark Gateway, North Hannahfort, MI 04650"
1350,252,P-3478,282.27,2026-03-10,"09480 Oscar Squares Suite 756, New Jonathan, ID 76079"
1351,473,P-8208,36.07,2024-09-03,"88550 Armstrong Groves Apt. 944, North Kristiland, AK 39801"
1352,77,P-1894,122.62,2024-10-06,"9354 Danny Alley Apt. 818, Carrville, IL 20898"
1353,19,P-8704,137.5,2025-12-31,"7538 Hogan Roads, North Christopherfort, AZ 25228"
1354,362,P-8653,223.84,2025-01-26,"164 Patrick Hollow, Reginaport, MT 21822"
1355,459,P-9108,29.98,2024-06-24,"54692 Elizabeth Port, Adamland, WV 58804"
1356,183,P-8949,234.29,2024-12-18,"6095 Kennedy Causeway Apt. 603, North Scottstad, CT 51774"
1357,58,P-3425,70.58,2024-11-07,"120 Gabriel Roads Apt. 756, South Xaviermouth, NE 33674"
1358,48,P-4337,435.39,2025-10-20,"1333 Myers Street Apt. 285, West Rebeccamouth, OH 15780"
1359,93,P-3757,377.46,2025-05-09,"782 Jane Fall Suite 922, Port Brendaville, SD 90360"
1360,422,P-5469,285.98,2024-09-05,"141 Smith Corner Apt. 856, New David, PR 22574"
1361,340,P-4479,295.93,2025-04-19,"01740 Brett Parkways, Jacquelinechester, RI 66455"
1362,498,P-1067,267.74,2025-07-02,"9481 Steven Union Apt. 367, Stacyville, PW 55071"
1363,293,P-3958,214.04,2025-02-05,"3218 Patricia Courts, North Zachary, FM 18509"
1364,40,P-5033,386.43,2024-11-28,"42840 Dylan Stream, Ralphfurt, NJ 11206"
1365,347,P-2545,444.8,2025-09-25,"Unit 2025 Box 3423, DPO AP 56063"
1366,14,P-5657,343.83,2025-05-10,"6042 Denise Roads Suite 667, Brettside, UT 65933"
1367,349,P-2998,203.13,2025-06-12,"5240 John Forge, Port Mitchellland, AK 90668"
1368,303,P-2737,420.11,2025-10-27,"47254 Ryan Highway Apt. 689, New Gregory, PR 57438"
1369,79,P-1473,49.71,2025-12-24,"USNS Carpenter, FPO AA 92161"
1370,426,P-8861,232.48,2024-11-04,"289 Rebecca Rue, Lake Courtney, WI 60718"
1371,490,P-5412,301.15,2025-07-28,"0423 Mckee Motorway, North Adriana, PA 48632"
1372,3,P-6397,485.18,2025-08-19,"699 Emily Run, West John, VT 61787"
1373,336,P-8423,169.2,2025-11-30,"077 Smith Point Suite 949, Gonzalezstad, NH 50031"
1374,375,P-3118,113.56,2025-06-25,"13805 Jones Tunnel Suite 845, Kaitlinburgh, MH 49100"
1375,25,P-5635,168.34,2025-08-21,"05915 Davis Loop, Lake Haley, DE 98498"
1376,29,P-2158,278.1,2025-11-18,"PSC 0967, Box 4513, APO AA 30566"
1377,309,P-7248,55.34,2025-04-11,"0417 Tyler Divide, East Jose, MT 92521"
1378,131,P-3916,127.63,2025-06-12,"32381 Zachary Mill Apt. 899, West Shirley, ME 88941"
1379,395,P-7535,53.69,2025-05-11,"11275 Sanchez Walks Suite 311, Catherineborough, IA 14283"
1380,437,P-4411,89.83,2026-04-09,"Unit 8623 Box 0659, DPO AA 88755"
1381,400,P-7592,149.61,2026-02-19,"036 Payne Landing, Lake Benjaminton, DC 09377"
1382,386,P-3525,69.08,2025-06-23,"81702 Compton Circles Suite 878, Mayborough, HI 08919"
1383,252,P-8083,370.58,2025-01-13,"32043 Beck Glens Apt. 344, North Bradley, MN 09196"
1384,472,P-6080,452.82,2026-03-20,"0104 James Freeway Suite 557, Deanfort, WV 19734"
1385,309,P-3151,185.92,2025-11-04,"567 Diane Overpass, Nortonland, VT 69016"
1386,50,P-7020,261.19,2026-01-28,"877 Alvarez Mill Suite 138, Marshallland, DC 28430"
1387,251,P-8298,443.84,2025-09-08,"720 Hunter Fork, West Michaelshire, KS 42324"
1388,244,P-5398,285.89,2025-02-26,"734 Amanda Spur, South Suzanneshire, TN 53288"
1389,217,P-2478,380.67,2026-01-12,"15758 Harvey Port, Port Traceymouth, IA 87228"
1390,416,P-7033,310.79,2025-04-04,"4933 Shane Spring Suite 406, New Lee, MT 60281"
1391,223,P-7979,55.53,2024-06-28,"Unit 7153 Box 7842, DPO AE 90519"
1392,263,P-6599,486.89,2026-04-07,"535 Campbell Trace Apt. 789, Bryanthaven, VI 69396"
1393,347,P-4673,327.32,2025-07-20,"210 Stanley Dam, West Andrewport, NM 09420"
1394,366,P-3540,466.02,2026-06-13,"1757 Patricia Harbors Apt. 048, Ortizland, NC 55346"
1395,270,P-9596,51.14,2024-12-26,"44704 Harrison Crescent Apt. 187, Osbornebury, IA 21083"
1396,240,P-8165,48.79,2025-02-15,"430 Sanchez Inlet Suite 689, Sandovalview, PA 89540"
1397,411,P-8825,157.18,2024-08-04,"3817 Weber Wells, West Richard, OK 21583"
1398,66,P-5921,422.34,2025-01-15,"30186 Sanchez Gateway, Port Josephstad, UT 50171"
1399,268,P-8007,154.78,2026-02-08,"75917 Andrew Groves, Port Steven, ID 96031"
1400,25,P-2253,459.47,2026-02-28,"740 Clark Dam Suite 123, North Lorraineview, CT 83992"
1401,263,P-2763,260.21,2024-08-09,"206 Tracy Gateway, Banksborough, AR 04832"
1402,212,P-2548,237.67,2025-03-12,"442 Mueller Mill, Lake Karen, GU 26737"
1403,369,P-5151,184.16,2025-08-05,"1161 Barnett Road Suite 426, New Joshuamouth, MD 27980"
1404,300,P-2339,386.63,2025-05-08,"268 Jennifer Road Suite 081, Melissashire, GU 86603"
1405,9,P-2866,372.84,2025-02-04,"35859 Margaret Pass, Lake Jamiemouth, FM 85021"
1406,237,P-3941,395.22,2024-10-25,"75078 Brenda Roads Suite 354, Rhondastad, HI 37266"
1407,432,P-7438,32.17,2025-11-18,"4449 Baker Radial Apt. 046, Lindsayton, NE 01642"
1408,214,P-5876,163.82,2025-03-31,"4862 Diaz Lakes, South Steven, IN 74225"
1409,371,P-8454,381.09,2025-03-06,"609 Donald Brooks Suite 072, Jonstad, VA 26468"
1410,231,P-5342,177.24,2025-09-05,"99324 Johnson Port Apt. 625, Lake Thomasborough, DE 90368"
1411,471,P-4066,113.41,2025-04-06,"0394 Emily Ranch, Stacieberg, NH 73483"
1412,41,P-5248,437.08,2025-08-15,"1794 Swanson Junction, Cassandrastad, VT 82182"
1413,55,P-8107,271.83,2025-03-07,"73174 Scott Coves, East Melissa, TX 37182"
1414,3,P-7470,67.16,2026-04-12,"2761 Ortiz Via, Jenniferview, AZ 36960"
1415,88,P-8817,235.47,2025-12-06,"12863 Susan Brook Suite 022, North Thomas, SD 38767"
1416,208,P-8974,158.36,2025-10-31,"82767 Norton Falls Apt. 935, Jaybury, GU 84223"
1417,417,P-6910,348.41,2026-06-19,"783 Carrillo Prairie, North Mallory, MI 16189"
1418,494,P-7471,404.26,2024-07-22,"7214 Patricia Road, Stephaniehaven, MS 75113"
1419,45,P-3049,76.2,2025-10-22,"71557 Daniel Burg Suite 208, North Angela, IN 04475"
1420,98,P-2833,409.81,2025-10-21,"79337 Horn Forks Apt. 297, West Shelly, WA 41309"
1421,357,P-4083,430.91,2025-07-05,"759 Alicia Loop, North Cathyfort, FL 23153"
1422,108,P-8882,327.82,2024-07-12,"21894 White Ranch Suite 960, East Jason, GU 43473"
1423,333,P-4961,223.53,2026-02-04,"PSC 9875, Box 1757, APO AP 04374"
1424,321,P-9824,103.54,2024-11-13,"0941 Rogers Extension, Davidbury, AK 06671"
1425,155,P-8592,82.59,2025-05-12,"5875 Vega Junction Apt. 959, West Matthewport, RI 57876"
1426,217,P-1357,67.05,2024-10-28,"462 Thompson Meadow Suite 181, Katieberg, AZ 40932"
1427,463,P-3497,371.99,2026-01-22,"PSC 8450, Box 4621, APO AA 51103"
1428,228,P-8947,241.02,2024-12-29,"394 Ronald Wells Suite 740, Petersside, TX 91592"
1429,441,P-8364,296.75,2025-04-24,"574 Susan Corners Apt. 667, South Keith, CO 66561"
1430,104,P-5830,289.01,2025-05-15,"953 Kennedy Cliffs Apt. 493, South Joystad, TX 88318"
1431,427,P-7418,34.94,2025-09-01,"Unit 4378 Box 0470, DPO AA 05649"
1432,5,P-2682,318.89,2025-06-09,"1875 Hartman Fall Suite 920, Lake Tanya, VA 21346"
1433,366,P-8074,489.94,2025-05-31,"1256 Branch Cliffs Apt. 300, Stephenhaven, VI 76012"
1434,435,P-9121,371.16,2025-03-04,"24256 Smith Prairie Apt. 578, South Denise, AZ 91960"
1435,306,P-5764,28.13,2026-05-20,"36532 Hamilton Plain Suite 997, Velasqueztown, WA 65818"
1436,205,P-8964,261.53,2026-01-28,"4614 John Mills, North Kristenshire, CO 96127"
1437,372,P-8993,123.62,2026-03-18,"3687 Donna Route Suite 387, Lopezland, PW 47396"
1438,32,P-9655,19.31,2026-04-05,"54586 Martinez Drive Suite 874, West Georgehaven, MN 31154"
1439,296,P-6174,281.09,2025-09-23,"63492 Cynthia Dale Apt. 399, North Lee, WY 03621"
1440,138,P-7834,445.67,2024-07-02,"20448 Leblanc Keys, Chavezfort, CA 48129"
1441,60,P-9106,315.11,2026-02-18,"766 Kenneth Mall, New Christopher, CT 53174"
1442,331,P-6681,229.67,2025-11-05,"6776 Velasquez Stravenue Suite 664, Kaufmanton, OH 46741"
1443,224,P-1340,89.04,2024-09-21,"296 Rivera Islands Apt. 175, West Ashleyside, NC 65395"
1444,372,P-4149,239.92,2025-07-13,"75442 Adam Club Suite 069, New Margaret, NH 89556"
1445,225,P-4802,258.73,2024-12-08,"06724 Valencia Meadows Apt. 903, Port Michelle, KS 32898"
1446,301,P-6556,461.64,2024-08-01,"330 Daniel Creek, Elizabethfurt, MI 33477"
1447,437,P-8675,74.26,2025-06-23,"5245 Ashley Cove Suite 143, Franklinview, MI 60115"
1448,151,P-7395,480.29,2025-11-21,"79838 Marquez Corners Apt. 556, Sloanchester, FM 32933"
1449,427,P-6902,400.02,2025-10-15,"864 Steven Place Apt. 560, New Christinashire, DE 96834"
1450,410,P-3654,314.69,2025-05-03,"476 Brittany Lock Suite 268, Maryfort, OR 60476"
1451,145,P-2412,336.85,2024-11-08,"02719 Erin River, Melissaberg, MP 01684"
1452,67,P-3839,107.74,2024-11-06,"USCGC Moore, FPO AE 16780"
1453,311,P-9063,59.43,2026-01-10,"045 Jackson Inlet, Robertburgh, FL 05173"
1454,213,P-9089,158.78,2024-08-29,"39350 Keith Street Apt. 625, Lake Amanda, KY 02400"
1455,108,P-1770,499.63,2024-12-10,"9841 Shannon Circle Apt. 484, Port Stacy, AR 64445"
1456,184,P-5273,184.94,2025-01-12,"328 Melissa Route, Johnsonview, KY 01013"
1457,82,P-3862,415.68,2025-01-28,"90771 Joe Isle, East Katherine, NM 62722"
1458,458,P-9248,25.66,2025-09-25,"5476 Samuel Mills Suite 735, Kyleville, LA 61862"
1459,33,P-6533,220.99,2026-05-08,"6153 Lauren Ports Apt. 942, Zimmermanberg, CA 45818"
1460,317,P-4714,69.13,2024-08-04,"3390 Moore River, Williamport, AS 59019"
1461,115,P-8968,136.32,2025-06-02,"99037 Haley Creek, South Michael, IA 74865"
1462,175,P-6820,386.98,2025-11-13,"142 Kristine Corners Suite 220, Gatesmouth, PA 12145"
1463,395,P-5382,449.19,2024-07-25,"64364 King View Apt. 969, West Dylantown, SC 07890"
1464,437,P-9444,306.09,2025-05-26,"8352 Romero Vista Suite 857, North Carolynborough, ID 71333"
1465,54,P-1826,464.04,2025-12-22,"90063 Matthew Street, Brewerfort, NV 43847"
1466,225,P-8489,481.69,2025-01-15,"72847 John Harbor Suite 332, Loristad, SD 88339"
1467,387,P-2817,487.57,2025-04-19,"54635 Steven Park Apt. 518, Danielfort, MO 75065"
1468,401,P-2669,413.56,2025-10-28,"656 Bobby Route Apt. 375, East Ashley, MO 97070"
1469,22,P-9311,61.64,2025-01-06,"09222 Davis Greens, Michaelshire, SC 48770"
1470,323,P-2934,436.72,2026-02-25,"76604 Justin Meadow, Jasonburgh, RI 62349"
1471,467,P-6925,86.94,2024-07-25,"29821 Christine Flats Suite 243, East Catherine, MN 04818"
1472,150,P-8233,383.35,2024-08-24,"Unit 4962 Box 8407, DPO AA 89219"
1473,256,P-2626,85.59,2025-10-07,"90878 Donna Shoals Suite 767, North Stephaniemouth, NY 20925"
1474,187,P-6482,411.38,2025-02-04,"9483 Noble Viaduct Apt. 943, Wagnerstad, MH 96023"
1475,63,P-4307,225.15,2024-07-03,"6297 Nicholas Port, East Lindsay, WI 19211"
1476,213,P-1107,130.19,2025-02-16,"3468 Thomas Centers, Taylorborough, WI 88577"
1477,415,P-8760,177.24,2025-11-01,"6610 Garcia Hills Suite 180, Bergfurt, GA 66319"
1478,259,P-3805,51.75,2026-02-06,"244 Preston Throughway Apt. 951, Howellmouth, MT 11862"
1479,191,P-7799,186.71,2024-12-06,"833 Amy Plains, North Randallborough, KY 61962"
1480,341,P-5021,84.28,2025-04-25,"377 Crystal Ridge, North Kimberlyburgh, GA 04145"
1481,386,P-9677,216.63,2024-08-17,"00239 Michael Forge Apt. 336, Lake Carl, WI 01139"
1482,117,P-3260,402.86,2025-08-29,"0231 Webb Bypass, East Cindytown, MH 32598"
1483,212,P-7706,450.04,2024-09-01,"569 Alan Avenue Apt. 917, Meltonborough, GU 99822"
1484,488,P-9456,399.35,2024-10-27,"343 Wilson Cliffs Suite 474, Montgomeryville, NH 82598"
1485,186,P-1487,226.85,2024-08-03,"27282 Megan Center Apt. 938, Port Mollyborough, LA 82696"
1486,395,P-1162,361.63,2025-11-25,"21600 Callahan Ways, East Joseph, CA 72116"
1487,265,P-2140,51.53,2024-12-09,"76252 Nicole Corners Apt. 116, Elliottport, GA 69855"
1488,162,P-7580,491.14,2026-05-20,"7011 Griffin Creek, Port Ryanmouth, WY 97752"
1489,85,P-8111,40.11,2025-07-19,"51538 Baxter Throughway, South Scott, WI 02564"
1490,389,P-1607,333.48,2024-10-24,"75304 Michael Flat Apt. 984, North Elizabethtown, NV 42752"
1491,329,P-3473,452.22,2026-01-24,"528 Gutierrez Overpass Suite 037, Ryanfort, AR 96686"
1492,30,P-9516,486.59,2024-06-27,"76440 Peck Fort, Marktown, CO 65715"
1493,215,P-7586,444.02,2026-04-12,"973 Amy Port Apt. 183, North Michael, CO 98989"
1494,359,P-5986,363.55,2024-10-15,"63680 Nina Ranch Apt. 502, Blakemouth, CA 09170"
1495,161,P-6638,13.86,2025-10-27,"1170 Nelson Knoll Suite 968, Craneland, GA 33874"
1496,144,P-9647,309.09,2026-02-18,"4813 Becky Crossing, Port Stacyview, GU 44445"
1497,76,P-7618,228.62,2025-11-14,"7619 Anderson Port Suite 017, New Ericville, NV 55835"
1498,106,P-9919,315.93,2025-01-31,"0223 John Keys Apt. 478, South Steven, DC 42784"
1499,317,P-8244,351.75,2026-03-14,"592 Warren Point, Bowersstad, VT 66303"
1500,455,P-7627,389.94,2025-06-21,"Unit 2993 Box 3570, DPO AE 92255"
